xPos,yPos,distance
70,75,82.71427818476319
70,76,73.91780236304929
70,77,82.71427818476319
70,78,78.05721237354311
70,79,73.91780236304929
70,80,73.91780236304929
70,81,101.0139503802696
70,82,87.99448732247524
70,83,73.91780236304929
70,84,76.97740016964265
70,85,81.49616759898501
70,86,43.619766270621305
70,87,47.51235862254096
70,88,86.60917787783498
70,89,94.03437816878682
70,90,38.01750258365549
70,91,72.95372141313577
70,92,73.91780236304929
70,93,78.05721237354311
70,94,87.99448732247524
70,95,86.60917787783498
70,96,99.16900370030181
70,97,109.17557434345778
70,98,80.31505953051612
70,99,78.05721237354311
70,100,76.97740016964265
71,75,89.4270686465234
71,76,87.99448732247524
71,77,101.0139503802696
71,78,94.03437816878682
71,79,81.49616759898501
71,80,87.99448732247524
71,81,101.0139503802696
71,82,81.49616759898501
71,83,86.60917787783498
71,84,73.91780236304929
71,85,81.49616759898501
71,86,76.97740016964265
71,87,94.03437816878682
71,88,94.03437816878682
71,89,81.49616759898501
71,90,94.03437816878682
71,91,87.99448732247524
71,92,85.2688050843232
71,93,82.71427818476319
71,94,81.49616759898501
71,95,80.31505953051612
71,96,82.71427818476319
71,97,99.16900370030181
71,98,94.03437816878682
71,99,86.60917787783498
71,100,81.49616759898501
72,75,44.955603899217216
72,76,85.2688050843232
72,77,81.49616759898501
72,78,81.49616759898501
72,79,81.49616759898501
72,80,87.99448732247524
72,81,82.71427818476319
72,82,86.60917787783498
72,83,87.99448732247524
72,84,87.99448732247524
72,85,82.71427818476319
72,86,85.2688050843232
72,87,82.71427818476319
72,88,81.49616759898501
72,89,82.71427818476319
72,90,82.71427818476319
72,91,87.99448732247524
72,92,87.99448732247524
72,93,81.49616759898501
72,94,86.60917787783498
72,95,86.60917787783498
72,96,86.60917787783498
72,97,86.60917787783498
72,98,86.60917787783498
72,99,87.99448732247524
72,100,87.99448732247524
73,75,42.982532537229744
73,76,43.619766270621305
73,77,86.60917787783498
73,78,47.51235862254096
73,79,101.0139503802696
73,80,73.91780236304929
73,81,43.619766270621305
73,82,82.71427818476319
73,83,49.960209654895436
73,84,47.51235862254096
73,85,51.744795304517986
73,86,133.82801305017574
73,87,86.60917787783498
73,88,82.71427818476319
73,89,87.99448732247524
73,90,87.99448732247524
73,91,87.99448732247524
73,92,86.60917787783498
73,93,87.99448732247524
73,94,87.99448732247524
73,95,87.99448732247524
73,96,94.03437816878682
73,97,87.99448732247524
73,98,87.99448732247524
73,99,87.99448732247524
73,100,86.60917787783498
74,75,42.36450351231416
74,76,81.49616759898501
74,77,82.71427818476319
74,78,92.44423286123617
74,79,72.95372141313577
74,80,80.31505953051612
74,81,76.97740016964265
74,82,44.61366304734636
74,83,25.346449788647412
74,84,72.01562444532655
74,85,47.128575013374245
74,86,73.91780236304929
74,87,87.99448732247524
74,88,78.05721237354311
74,89,76.97740016964265
74,90,73.91780236304929
74,91,72.95372141313577
74,92,81.49616759898501
74,93,87.99448732247524
74,94,92.44423286123617
74,95,82.71427818476319
74,96,86.60917787783498
74,97,76.97740016964265
74,98,76.97740016964265
74,99,99.16900370030181
74,100,80.31505953051612
75,75,82.71427818476319
75,76,29.055410979885373
75,77,79.16926896338916
75,78,76.97740016964265
75,79,73.91780236304929
75,80,76.97740016964265
75,81,72.95372141313577
75,82,82.71427818476319
75,83,76.97740016964265
75,84,94.03437816878682
75,85,72.01562444532655
75,86,42.982532537229744
75,87,46.75123205701334
75,88,76.97740016964265
75,89,73.91780236304929
75,90,82.71427818476319
75,91,73.91780236304929
75,92,87.99448732247524
75,93,86.60917787783498
75,94,78.05721237354311
75,95,54.68767090460642
75,96,73.91780236304929
75,97,80.31505953051612
75,98,81.49616759898501
75,99,101.0139503802696
75,100,73.91780236304929
76,75,109.17557434345778
76,76,82.71427818476319
76,77,72.95372141313577
76,78,38.01750258365549
76,79,44.955603899217216
76,80,79.16926896338916
76,81,73.91780236304929
76,82,82.71427818476319
76,83,78.05721237354311
76,84,101.0139503802696
76,85,73.91780236304929
76,86,70.21323205227537
76,87,81.49616759898501
76,88,42.36450351231416
76,89,39.79893728348299
76,90,72.95372141313577
76,91,72.95372141313577
76,92,87.99448732247524
76,93,72.01562444532655
76,94,73.91780236304929
76,95,94.03437816878682
76,96,72.95372141313577
76,97,66.09481251234828
76,98,41.764811438377116
76,99,86.60917787783498
76,100,78.05721237354311
77,75,87.99448732247524
77,76,72.95372141313577
77,77,82.71427818476319
77,78,69.34699867826971
77,79,66.87755726643755
77,80,86.60917787783498
77,81,76.97740016964265
77,82,30.974779616537212
77,83,74.90897946750623
77,84,47.51235862254096
77,85,89.4270686465234
77,86,69.34699867826971
77,87,101.0139503802696
77,88,82.71427818476319
77,89,72.95372141313577
77,90,70.21323205227537
77,91,78.05721237354311
77,92,82.71427818476319
77,93,75.92842980140074
77,94,38.01750258365549
77,95,45.30308448883065
77,96,76.97740016964265
77,97,49.960209654895436
77,98,76.97740016964265
77,99,44.955603899217216
77,100,102.93233680435569
78,75,42.36450351231416
78,76,87.99448732247524
78,77,94.03437816878682
78,78,75.92842980140074
78,79,78.05721237354311
78,80,94.03437816878682
78,81,101.0139503802696
78,82,85.2688050843232
78,83,42.36450351231416
78,84,49.115369772992025
78,85,78.05721237354311
78,86,78.05721237354311
78,87,78.05721237354311
78,88,94.03437816878682
78,89,73.91780236304929
78,90,87.99448732247524
78,91,76.97740016964265
78,92,72.95372141313577
78,93,76.97740016964265
78,94,37.77654370351161
78,95,86.60917787783498
78,96,92.44423286123617
78,97,86.60917787783498
78,98,82.71427818476319
78,99,76.97740016964265
78,100,78.05721237354311
79,75,78.05721237354311
79,76,82.71427818476319
79,77,86.60917787783498
79,78,78.05721237354311
79,79,82.71427818476319
79,80,80.31505953051612
79,81,81.49616759898501
79,82,69.34699867826971
79,83,78.05721237354311
79,84,75.92842980140074
79,85,109.17557434345778
79,86,85.2688050843232
79,87,52.21204288211959
79,88,81.49616759898501
79,89,87.99448732247524
79,90,72.95372141313577
79,91,78.05721237354311
79,92,82.71427818476319
79,93,101.0139503802696
79,94,78.05721237354311
79,95,87.99448732247524
79,96,94.03437816878682
79,97,81.49616759898501
79,98,82.71427818476319
79,99,85.2688050843232
79,100,94.03437816878682
80,75,44.955603899217216
80,76,72.95372141313577
80,77,42.36450351231416
80,78,48.7040728967859
80,79,42.36450351231416
80,80,42.36450351231416
80,81,82.71427818476319
80,82,82.71427818476319
80,83,82.71427818476319
80,84,78.05721237354311
80,85,82.71427818476319
80,86,81.49616759898501
80,87,78.05721237354311
80,88,80.31505953051612
80,89,46.38016657953644
80,90,89.4270686465234
80,91,86.60917787783498
80,92,78.05721237354311
80,93,87.99448732247524
80,94,94.03437816878682
80,95,81.49616759898501
80,96,86.60917787783498
80,97,85.2688050843232
80,98,81.49616759898501
80,99,42.06241751858184
80,100,82.71427818476319
81,75,86.60917787783498
81,76,82.71427818476319
81,77,87.99448732247524
81,78,78.05721237354311
81,79,87.99448732247524
81,80,76.97740016964265
81,81,72.95372141313577
81,82,81.49616759898501
81,83,81.49616759898501
81,84,92.44423286123617
81,85,73.91780236304929
81,86,81.49616759898501
81,87,76.97740016964265
81,88,76.97740016964265
81,89,80.31505953051612
81,90,86.60917787783498
81,91,149.01124371723404
81,92,31.620119062893835
81,93,102.93233680435569
81,94,94.03437816878682
81,95,94.03437816878682
81,96,109.17557434345778
81,97,101.0139503802696
81,98,72.01562444532655
81,99,63.857603460781824
81,100,54.17303045725812
82,75,42.36450351231416
82,76,94.03437816878682
82,77,87.99448732247524
82,78,78.05721237354311
82,79,109.17557434345778
82,80,86.60917787783498
82,81,72.01562444532655
82,82,72.95372141313577
82,83,78.05721237354311
82,84,101.0139503802696
82,85,35.115994325934814
82,86,81.49616759898501
82,87,81.49616759898501
82,88,80.31505953051612
82,89,94.03437816878682
82,90,121.56190431044158
82,91,87.99448732247524
82,92,101.0139503802696
82,93,94.03437816878682
82,94,73.91780236304929
82,95,57.422822790425066
82,96,41.47158487355608
82,97,37.072488876431805
82,98,31.293963022880114
82,99,30.66234434592651
82,100,28.381803003017357
83,75,72.95372141313577
83,76,72.95372141313577
83,77,95.6829556336824
83,78,54.17303045725812
83,79,86.60917787783498
83,80,73.91780236304929
83,81,86.60917787783498
83,82,94.03437816878682
83,83,86.60917787783498
83,84,73.91780236304929
83,85,81.49616759898501
83,86,42.36450351231416
83,87,47.51235862254096
83,88,82.71427818476319
83,89,82.71427818476319
83,90,78.05721237354311
83,91,69.34699867826971
83,92,48.7040728967859
83,93,42.671172934090784
83,94,38.26170562066839
83,95,32.64282373679562
83,96,29.475920304534377
83,97,20.07057504093994
83,98,23.97672553935921
83,99,21.145067255677876
83,100,25.243187057822702
84,75,81.49616759898501
84,76,66.87755726643755
84,77,92.44423286123617
84,78,73.91780236304929
84,79,72.95372141313577
84,80,86.60917787783498
84,81,102.93233680435569
84,82,78.05721237354311
84,83,78.05721237354311
84,84,73.91780236304929
84,85,76.97740016964265
84,86,82.71427818476319
84,87,69.34699867826971
84,88,49.960209654895436
84,89,43.619766270621305
84,90,32.12294301891524
84,91,19.63558400730515
84,92,22.34764815531727
84,93,27.00907883778985
84,94,26.543723661158012
84,95,25.243187057822702
84,96,24.938620975861525
84,97,24.54430787539229
84,98,24.54430787539229
84,99,24.54430787539229
84,100,24.44776185984738
85,75,67.67998716836462
85,76,70.21323205227537
85,77,73.91780236304929
85,78,61.110007317982365
85,79,63.857603460781824
85,80,66.87755726643755
85,81,66.09481251234828
85,82,72.95372141313577
85,83,72.95372141313577
85,84,47.51235862254096
85,85,35.322646641374305
85,86,27.993109341865374
85,87,30.66234434592651
85,88,29.055410979885373
85,89,27.369482873089083
85,90,25.66162132394201
85,91,24.938620975861525
85,92,24.54430787539229
85,93,24.54430787539229
85,94,24.44776185984738
85,95,24.54430787539229
85,96,24.162839968443617
85,97,23.97672553935921
85,98,24.162839968443617
85,99,24.162839968443617
85,100,24.162839968443617
86,75,82.71427818476319
86,76,54.68767090460642
86,77,72.01562444532655
86,78,81.49616759898501
86,79,40.06783469203325
86,80,44.61366304734636
86,81,73.91780236304929
86,82,70.21323205227537
86,83,69.34699867826971
86,84,66.87755726643755
86,85,41.18264042544637
86,86,27.369482873089083
86,87,25.243187057822702
86,88,24.838802581334587
86,89,24.54430787539229
86,90,24.35200842039592
86,91,24.54430787539229
86,92,23.70311797370012
86,93,24.069405712587606
86,94,24.162839968443617
86,95,19.514904037774215
86,96,23.261354567359845
86,97,24.162839968443617
86,98,23.79359067421428
86,99,23.79359067421428
86,100,23.70311797370012
87,75,92.44423286123617
87,76,78.05721237354311
87,77,72.95372141313577
87,78,78.05721237354311
87,79,73.91780236304929
87,80,92.44423286123617
87,81,73.91780236304929
87,82,82.71427818476319
87,83,41.18264042544637
87,84,47.51235862254096
87,85,41.47158487355608
87,86,25.243187057822702
87,87,24.54430787539229
87,88,22.033740376148895
87,89,18.711760504785236
87,90,24.069405712587606
87,91,23.97672553935921
87,92,24.162839968443617
87,93,24.162839968443617
87,94,24.162839968443617
87,95,23.79359067421428
87,96,22.753475410390518
87,97,22.427595970715274
87,98,21.50606403455799
87,99,21.579820030321667
87,100,21.804304679528286
88,75,42.36450351231416
88,76,52.68822225038913
88,77,78.05721237354311
88,78,70.21323205227537
88,79,72.95372141313577
88,80,73.91780236304929
88,81,44.27712854599181
88,82,76.97740016964265
88,83,78.05721237354311
88,84,66.09481251234828
88,85,35.74369668549434
88,86,25.243187057822702
88,87,24.44776185984738
88,88,24.069405712587606
88,89,24.069405712587606
88,90,24.162839968443617
88,91,24.162839968443617
88,92,24.162839968443617
88,93,23.70311797370012
88,94,23.3483220256704
88,95,22.111348032576398
88,96,20.865280951218594
88,97,21.004197704934775
88,98,21.432834436959173
88,99,16.887754206291802
88,100,23.79359067421428
89,75,49.534014755555205
89,76,74.90897946750623
89,77,78.05721237354311
89,78,86.60917787783498
89,79,87.99448732247524
89,80,78.05721237354311
89,81,75.92842980140074
89,82,70.21323205227537
89,83,86.60917787783498
89,84,63.14668280576031
89,85,33.92737123473442
89,86,25.243187057822702
89,87,24.069405712587606
89,88,24.069405712587606
89,89,23.79359067421428
89,90,23.70311797370012
89,91,23.79359067421428
89,92,18.877983071544683
89,93,24.162839968443617
89,94,24.54430787539229
89,95,26.094862527106063
89,96,28.381803003017357
89,97,30.66234434592651
89,98,35.531864487274916
89,99,33.92737123473442
89,100,29.475920304534377
90,75,42.982532537229744
90,76,48.7040728967859
90,77,72.95372141313577
90,78,94.03437816878682
90,79,82.71427818476319
90,80,78.05721237354311
90,81,73.91780236304929
90,82,92.44423286123617
90,83,72.95372141313577
90,84,64.58550950905227
90,85,20.07057504093994
90,86,25.243187057822702
90,87,24.162839968443617
90,88,23.79359067421428
90,89,23.79359067421428
90,90,23.79359067421428
90,91,23.70311797370012
90,92,23.79359067421428
90,93,19.336770079215114
90,94,20.07057504093994
90,95,25.243187057822702
90,96,26.658480569652184
90,97,27.86601116599009
90,98,31.293963022880114
90,99,32.64282373679562
90,100,30.66234434592651
91,75,44.955603899217216
91,76,81.49616759898501
91,77,26.094862527106063
91,78,46.015220912590124
91,79,102.93233680435569
91,80,87.99448732247524
91,81,70.21323205227537
91,82,73.91780236304929
91,83,78.05721237354311
91,84,78.05721237354311
91,85,37.538763799695516
91,86,24.44776185984738
91,87,23.79359067421428
91,88,23.79359067421428
91,89,23.79359067421428
91,90,23.79359067421428
91,91,23.79359067421428
91,92,23.79359067421428
91,93,23.70311797370012
91,94,23.79359067421428
91,95,24.069405712587606
91,96,19.819566686633248
91,97,24.838802581334587
91,98,26.317287468995765
91,99,21.360125537388132
91,100,29.055410979885373
92,75,72.95372141313577
92,76,73.91780236304929
92,77,82.71427818476319
92,78,86.60917787783498
92,79,76.97740016964265
92,80,69.34699867826971
92,81,76.97740016964265
92,82,73.91780236304929
92,83,85.2688050843232
92,84,63.857603460781824
92,85,30.66234434592651
92,86,18.711760504785236
92,87,21.004197704934775
92,88,15.890778331919028
92,89,22.427595970715274
92,90,23.00447766356284
92,91,23.175063316377035
92,92,23.435973794346612
92,93,23.261354567359845
92,94,23.79359067421428
92,95,23.79359067421428
92,96,23.97672553935921
92,97,23.79359067421428
92,98,24.069405712587606
92,99,23.97672553935921
92,100,24.54430787539229
93,75,78.05721237354311
93,76,73.91780236304929
93,77,73.91780236304929
93,78,80.31505953051612
93,79,86.60917787783498
93,80,71.10245975874594
93,81,44.61366304734636
93,82,81.49616759898501
93,83,87.99448732247524
93,84,87.99448732247524
93,85,53.17359605172484
93,86,23.089440298056683
93,87,24.069405712587606
93,88,22.111348032576398
93,89,20.459843862185632
93,90,21.004197704934775
93,91,21.804304679528286
93,92,22.671078253752004
93,93,23.3483220256704
93,94,23.3483220256704
93,95,23.613363332507053
93,96,23.79359067421428
93,97,23.70311797370012
93,98,23.70311797370012
93,99,23.97672553935921
93,100,17.15787298554795
94,75,45.65624266214306
94,76,76.97740016964265
94,77,73.91780236304929
94,78,87.99448732247524
94,79,76.97740016964265
94,80,76.97740016964265
94,81,70.21323205227537
94,82,82.71427818476319
94,83,73.91780236304929
94,84,78.05721237354311
94,85,76.97740016964265
94,86,50.39416379798683
94,87,43.94587128705875
94,88,37.538763799695516
94,89,31.953482383503516
94,90,25.66162132394201
94,91,20.934497813811888
94,92,20.459843862185632
94,93,16.04830018348329
94,94,16.799683354734018
94,95,22.34764815531727
94,96,22.671078253752004
94,97,23.3483220256704
94,98,23.435973794346612
94,99,23.79359067421428
94,100,23.613363332507053
95,75,78.05721237354311
95,76,78.05721237354311
95,77,73.91780236304929
95,78,73.91780236304929
95,79,72.95372141313577
95,80,69.34699867826971
95,81,50.39416379798683
95,82,73.91780236304929
95,83,70.21323205227537
95,84,73.91780236304929
95,85,82.71427818476319
95,86,49.115369772992025
95,87,29.194177180102084
95,88,47.90275180756249
95,89,35.531864487274916
95,90,36.618190278297384
95,91,32.64282373679562
95,92,25.243187057822702
95,93,23.00447766356284
95,94,19.278146794963316
95,95,19.63558400730515
95,96,17.343043569563775
95,97,21.074385776790226
95,98,22.671078253752004
95,99,23.089440298056683
95,100,23.435973794346612
96,75,55.2126666327604
96,76,34.91185993607099
96,77,35.531864487274916
96,78,35.74369668549434
96,79,23.435973794346612
96,80,35.531864487274916
96,81,27.00907883778985
96,82,37.304099438856944
96,83,35.74369668549434
96,84,34.71019704602197
96,85,35.531864487274916
96,86,35.74369668549434
96,87,35.74369668549434
96,88,34.91185993607099
96,89,39.272327580647335
96,90,36.39538670377907
96,91,34.11959004815568
96,92,37.072488876431805
96,93,32.64282373679562
96,94,25.243187057822702
96,95,21.804304679528286
96,96,21.95670146499718
96,97,18.076431666942376
96,98,15.00967270856614
96,99,21.72893443916665
96,100,22.671078253752004
97,75,37.304099438856944
97,76,39.272327580647335
97,77,37.304099438856944
97,78,31.620119062893835
97,79,31.953482383503516
97,80,32.64282373679562
97,81,30.508589746146843
97,82,52.21204288211959
97,83,53.66843740923079
97,84,52.21204288211959
97,85,52.21204288211959
97,86,54.68767090460642
97,87,53.66843740923079
97,88,50.39416379798683
97,89,55.74833833173717
97,90,51.744795304517986
97,91,41.47158487355608
97,92,50.39416379798683
97,93,47.128575013374245
97,94,38.01750258365549
97,95,38.26170562066839
97,96,40.34056847630805
97,97,35.74369668549434
97,98,28.513894992776304
97,99,25.768512709752677
97,100,21.50606403455799
98,75,52.21204288211959
98,76,49.960209654895436
98,77,42.671172934090784
98,78,40.06783469203325
98,79,47.128575013374245
98,80,42.36450351231416
98,81,42.671172934090784
98,82,43.94587128705875
98,83,28.381803003017357
98,84,44.955603899217216
98,85,29.194177180102084
98,86,43.94587128705875
98,87,43.94587128705875
98,88,43.94587128705875
98,89,47.51235862254096
98,90,45.65624266214306
98,91,45.65624266214306
98,92,42.671172934090784
98,93,42.671172934090784
98,94,36.17540574863741
98,95,41.47158487355608
98,96,47.128575013374245
98,97,45.65624266214306
98,98,41.47158487355608
98,99,38.26170562066839
98,100,34.71019704602197
99,75,23.435973794346612
99,76,21.50606403455799
99,77,29.475920304534377
99,78,30.66234434592651
99,79,30.508589746146843
99,80,31.785884735580925
99,81,31.953482383503516
99,82,30.66234434592651
99,83,30.66234434592651
99,84,32.64282373679562
99,85,28.381803003017357
99,86,36.39538670377907
99,87,29.475920304534377
99,88,30.66234434592651
99,89,22.589304039322084
99,90,29.33433978398102
99,91,28.918020106520146
99,92,27.369482873089083
99,93,26.543723661158012
99,94,26.429997303621274
99,95,18.230991157789397
99,96,28.381803003017357
99,97,28.381803003017357
99,98,21.21624744333693
99,99,21.880224975852762
99,100,27.86601116599009
100,75,27.369482873089083
100,76,21.432834436959173
100,77,27.369482873089083
100,78,27.248232997575045
100,79,21.360125537388132
100,80,27.491869168561973
100,81,29.475920304534377
100,82,27.491869168561973
100,83,27.369482873089083
100,84,27.491869168561973
100,85,27.86601116599009
100,86,27.86601116599009
100,87,20.26325039141276
100,88,27.86601116599009
100,89,27.491869168561973
100,90,27.740116537155377
100,91,27.993109341865374
100,92,27.491869168561973
100,93,26.89114346431534
100,94,26.543723661158012
100,95,27.00907883778985
100,96,28.381803003017357
100,97,28.918020106520146
100,98,28.25098712388462
100,99,27.86601116599009
100,100,28.381803003017357
70,75,31.133514002922684
70,76,73.91780236304929
70,77,78.05721237354311
70,78,82.71427818476319
70,79,81.49616759898501
70,80,94.03437816878682
70,81,81.49616759898501
70,82,102.93233680435569
70,83,73.91780236304929
70,84,72.95372141313577
70,85,78.05721237354311
70,86,82.71427818476319
70,87,76.97740016964265
70,88,39.272327580647335
70,89,76.97740016964265
70,90,64.58550950905227
70,91,30.356442316958073
70,92,76.97740016964265
70,93,42.36450351231416
70,94,76.97740016964265
70,95,73.91780236304929
70,96,82.71427818476319
70,97,82.71427818476319
70,98,42.36450351231416
70,99,86.60917787783498
70,100,82.71427818476319
71,75,87.99448732247524
71,76,86.60917787783498
71,77,87.99448732247524
71,78,82.71427818476319
71,79,95.6829556336824
71,80,76.97740016964265
71,81,109.17557434345778
71,82,94.03437816878682
71,83,87.99448732247524
71,84,76.97740016964265
71,85,82.71427818476319
71,86,86.60917787783498
71,87,80.31505953051612
71,88,82.71427818476319
71,89,87.99448732247524
71,90,82.71427818476319
71,91,81.49616759898501
71,92,82.71427818476319
71,93,81.49616759898501
71,94,46.38016657953644
71,95,87.99448732247524
71,96,82.71427818476319
71,97,87.99448732247524
71,98,87.99448732247524
71,99,92.44423286123617
71,100,94.03437816878682
72,75,94.03437816878682
72,76,102.93233680435569
72,77,87.99448732247524
72,78,82.71427818476319
72,79,82.71427818476319
72,80,87.99448732247524
72,81,86.60917787783498
72,82,85.2688050843232
72,83,47.90275180756249
72,84,102.93233680435569
72,85,81.49616759898501
72,86,82.71427818476319
72,87,82.71427818476319
72,88,82.71427818476319
72,89,82.71427818476319
72,90,81.49616759898501
72,91,46.38016657953644
72,92,102.93233680435569
72,93,48.7040728967859
72,94,102.93233680435569
72,95,86.60917787783498
72,96,87.99448732247524
72,97,87.99448732247524
72,98,81.49616759898501
72,99,86.60917787783498
72,100,86.60917787783498
73,75,102.93233680435569
73,76,46.38016657953644
73,77,82.71427818476319
73,78,43.619766270621305
73,79,81.49616759898501
73,80,87.99448732247524
73,81,87.99448732247524
73,82,87.99448732247524
73,83,87.99448732247524
73,84,81.49616759898501
73,85,82.71427818476319
73,86,80.31505953051612
73,87,42.36450351231416
73,88,49.115369772992025
73,89,82.71427818476319
73,90,44.955603899217216
73,91,53.66843740923079
73,92,81.49616759898501
73,93,94.03437816878682
73,94,94.03437816878682
73,95,87.99448732247524
73,96,86.60917787783498
73,97,87.99448732247524
73,98,85.2688050843232
73,99,86.60917787783498
73,100,49.960209654895436
74,75,78.05721237354311
74,76,78.05721237354311
74,77,86.60917787783498
74,78,78.05721237354311
74,79,44.61366304734636
74,80,63.857603460781824
74,81,99.16900370030181
74,82,35.531864487274916
74,83,81.49616759898501
74,84,78.05721237354311
74,85,82.71427818476319
74,86,94.03437816878682
74,87,94.03437816878682
74,88,75.92842980140074
74,89,44.955603899217216
74,90,79.16926896338916
74,91,81.49616759898501
74,92,78.05721237354311
74,93,87.99448732247524
74,94,82.71427818476319
74,95,75.92842980140074
74,96,86.60917787783498
74,97,99.16900370030181
74,98,58.0046860479297
74,99,76.97740016964265
74,100,78.05721237354311
75,75,95.6829556336824
75,76,36.618190278297384
75,77,79.16926896338916
75,78,70.21323205227537
75,79,78.05721237354311
75,80,76.97740016964265
75,81,73.91780236304929
75,82,73.91780236304929
75,83,82.71427818476319
75,84,85.2688050843232
75,85,72.95372141313577
75,86,73.91780236304929
75,87,78.05721237354311
75,88,70.21323205227537
75,89,75.92842980140074
75,90,76.97740016964265
75,91,82.71427818476319
75,92,78.05721237354311
75,93,69.34699867826971
75,94,81.49616759898501
75,95,79.16926896338916
75,96,34.51096037271151
75,97,73.91780236304929
75,98,89.4270686465234
75,99,73.91780236304929
75,100,82.71427818476319
76,75,87.99448732247524
76,76,75.92842980140074
76,77,44.955603899217216
76,78,121.56190431044158
76,79,78.05721237354311
76,80,78.05721237354311
76,81,73.91780236304929
76,82,86.60917787783498
76,83,94.03437816878682
76,84,82.71427818476319
76,85,79.16926896338916
76,86,66.87755726643755
76,87,92.44423286123617
76,88,82.71427818476319
76,89,47.51235862254096
76,90,69.34699867826971
76,91,70.21323205227537
76,92,82.71427818476319
76,93,48.7040728967859
76,94,102.93233680435569
76,95,78.05721237354311
76,96,78.05721237354311
76,97,87.99448732247524
76,98,70.21323205227537
76,99,76.97740016964265
76,100,42.36450351231416
77,75,78.05721237354311
77,76,86.60917787783498
77,77,73.91780236304929
77,78,82.71427818476319
77,79,68.50286619177638
77,80,39.014458982221015
77,81,76.97740016964265
77,82,30.81773211409267
77,83,89.4270686465234
77,84,78.05721237354311
77,85,82.71427818476319
77,86,86.60917787783498
77,87,70.21323205227537
77,88,82.71427818476319
77,89,75.92842980140074
77,90,42.36450351231416
77,91,81.49616759898501
77,92,78.05721237354311
77,93,73.91780236304929
77,94,76.97740016964265
77,95,70.21323205227537
77,96,76.97740016964265
77,97,44.955603899217216
77,98,79.16926896338916
77,99,73.91780236304929
77,100,86.60917787783498
78,75,43.298692442114515
78,76,66.87755726643755
78,77,42.36450351231416
78,78,89.4270686465234
78,79,94.03437816878682
78,80,72.95372141313577
78,81,76.97740016964265
78,82,82.71427818476319
78,83,76.97740016964265
78,84,75.92842980140074
78,85,81.49616759898501
78,86,101.0139503802696
78,87,87.99448732247524
78,88,73.91780236304929
78,89,73.91780236304929
78,90,82.71427818476319
78,91,52.68822225038913
78,92,109.17557434345778
78,93,81.49616759898501
78,94,82.71427818476319
78,95,47.51235862254096
78,96,78.05721237354311
78,97,82.71427818476319
78,98,81.49616759898501
78,99,80.31505953051612
78,100,82.71427818476319
79,75,46.75123205701334
79,76,82.71427818476319
79,77,81.49616759898501
79,78,82.71427818476319
79,79,82.71427818476319
79,80,82.71427818476319
79,81,94.03437816878682
79,82,69.34699867826971
79,83,78.05721237354311
79,84,80.31505953051612
79,85,55.2126666327604
79,86,102.93233680435569
79,87,81.49616759898501
79,88,41.18264042544637
79,89,78.05721237354311
79,90,94.03437816878682
79,91,78.05721237354311
79,92,81.49616759898501
79,93,82.71427818476319
79,94,75.92842980140074
79,95,87.99448732247524
79,96,85.2688050843232
79,97,109.17557434345778
79,98,56.853060545840606
79,99,94.03437816878682
79,100,94.03437816878682
80,75,73.91780236304929
80,76,94.03437816878682
80,77,48.7040728967859
80,78,94.03437816878682
80,79,49.115369772992025
80,80,89.4270686465234
80,81,89.4270686465234
80,82,80.31505953051612
80,83,101.0139503802696
80,84,78.05721237354311
80,85,76.97740016964265
80,86,94.03437816878682
80,87,53.17359605172484
80,88,87.99448732247524
80,89,82.71427818476319
80,90,82.71427818476319
80,91,76.97740016964265
80,92,87.99448732247524
80,93,86.60917787783498
80,94,87.99448732247524
80,95,92.44423286123617
80,96,94.03437816878682
80,97,95.6829556336824
80,98,87.99448732247524
80,99,81.49616759898501
80,100,109.17557434345778
81,75,40.89788358318388
81,76,94.03437816878682
81,77,72.95372141313577
81,78,42.36450351231416
81,79,50.83609438325171
81,80,94.03437816878682
81,81,87.99448732247524
81,82,82.71427818476319
81,83,78.05721237354311
81,84,75.92842980140074
81,85,87.99448732247524
81,86,83.97118609925452
81,87,82.71427818476319
81,88,76.97740016964265
81,89,102.93233680435569
81,90,107.00800161467413
81,91,47.90275180756249
81,92,99.16900370030181
81,93,92.44423286123617
81,94,101.0139503802696
81,95,47.90275180756249
81,96,76.97740016964265
81,97,82.71427818476319
81,98,94.03437816878682
81,99,66.87755726643755
81,100,46.75123205701334
82,75,109.17557434345778
82,76,82.71427818476319
82,77,72.95372141313577
82,78,73.91780236304929
82,79,78.05721237354311
82,80,81.49616759898501
82,81,82.71427818476319
82,82,72.95372141313577
82,83,78.05721237354311
82,84,78.05721237354311
82,85,81.49616759898501
82,86,76.97740016964265
82,87,81.49616759898501
82,88,43.298692442114515
82,89,87.99448732247524
82,90,80.31505953051612
82,91,87.99448732247524
82,92,109.17557434345778
82,93,51.744795304517986
82,94,95.6829556336824
82,95,58.59904611483518
82,96,42.671172934090784
82,97,41.47158487355608
82,98,31.785884735580925
82,99,30.056867729113673
82,100,27.86601116599009
83,75,86.60917787783498
83,76,76.97740016964265
83,77,78.05721237354311
83,78,70.21323205227537
83,79,72.01562444532655
83,80,82.71427818476319
83,81,53.17359605172484
83,82,72.01562444532655
83,83,73.91780236304929
83,84,82.71427818476319
83,85,81.49616759898501
83,86,76.97740016964265
83,87,94.03437816878682
83,88,81.49616759898501
83,89,86.60917787783498
83,90,68.50286619177638
83,91,63.857603460781824
83,92,46.75123205701334
83,93,39.53379466901948
83,94,34.91185993607099
83,95,30.66234434592651
83,96,28.381803003017357
83,97,27.00907883778985
83,98,25.66162132394201
83,99,25.039283868909546
83,100,23.97672553935921
84,75,101.0139503802696
84,76,89.4270686465234
84,77,94.03437816878682
84,78,78.05721237354311
84,79,70.21323205227537
84,80,86.60917787783498
84,81,78.05721237354311
84,82,80.31505953051612
84,83,42.36450351231416
84,84,46.015220912590124
84,85,81.49616759898501
84,86,78.05721237354311
84,87,70.21323205227537
84,88,54.17303045725812
84,89,43.619766270621305
84,90,34.11959004815568
84,91,26.317287468995765
84,92,27.491869168561973
84,93,20.59314326264306
84,94,26.543723661158012
84,95,25.243187057822702
84,96,24.938620975861525
84,97,24.44776185984738
84,98,24.54430787539229
84,99,24.44776185984738
84,100,24.54430787539229
85,75,78.05721237354311
85,76,87.99448732247524
85,77,66.87755726643755
85,78,63.857603460781824
85,79,64.58550950905227
85,80,82.71427818476319
85,81,86.60917787783498
85,82,73.91780236304929
85,83,68.50286619177638
85,84,70.21323205227537
85,85,31.456155042750844
85,86,32.467580868546754
85,87,31.293963022880114
85,88,29.475920304534377
85,89,27.86601116599009
85,90,25.66162132394201
85,91,25.243187057822702
85,92,24.54430787539229
85,93,24.54430787539229
85,94,23.79359067421428
85,95,24.54430787539229
85,96,24.162839968443617
85,97,24.162839968443617
85,98,23.79359067421428
85,99,24.069405712587606
85,100,23.97672553935921
86,75,86.60917787783498
86,76,76.97740016964265
86,77,79.16926896338916
86,78,54.68767090460642
86,79,81.49616759898501
86,80,75.92842980140074
86,81,81.49616759898501
86,82,70.21323205227537
86,83,66.87755726643755
86,84,73.91780236304929
86,85,54.17303045725812
86,86,27.491869168561973
86,87,26.094862527106063
86,88,25.140802189579194
86,89,25.243187057822702
86,90,24.35200842039592
86,91,24.44776185984738
86,92,24.069405712587606
86,93,24.162839968443617
86,94,24.069405712587606
86,95,24.162839968443617
86,96,23.3483220256704
86,97,23.52431810740442
86,98,23.79359067421428
86,99,23.70311797370012
86,100,23.79359067421428
87,75,76.97740016964265
87,76,73.91780236304929
87,77,70.21323205227537
87,78,94.03437816878682
87,79,70.21323205227537
87,80,70.21323205227537
87,81,70.21323205227537
87,82,73.91780236304929
87,83,65.33102678881399
87,84,36.17540574863741
87,85,41.47158487355608
87,86,25.346449788647412
87,87,24.54430787539229
87,88,24.069405712587606
87,89,22.34764815531727
87,90,19.63558400730515
87,91,24.162839968443617
87,92,24.162839968443617
87,93,23.79359067421428
87,94,24.069405712587606
87,95,23.79359067421428
87,96,18.711760504785236
87,97,19.88170011635914
87,98,22.427595970715274
87,99,21.880224975852762
87,100,21.804304679528286
88,75,81.49616759898501
88,76,78.05721237354311
88,77,75.92842980140074
88,78,70.21323205227537
88,79,76.97740016964265
88,80,76.97740016964265
88,81,73.91780236304929
88,82,36.84387200057145
88,83,78.05721237354311
88,84,66.09481251234828
88,85,30.66234434592651
88,86,25.555655099352645
88,87,24.162839968443617
88,88,23.97672553935921
88,89,24.162839968443617
88,90,19.88170011635914
88,91,24.838802581334587
88,92,23.79359067421428
88,93,23.79359067421428
88,94,23.3483220256704
88,95,21.880224975852762
88,96,21.004197704934775
88,97,20.934497813811888
88,98,21.432834436959173
88,99,22.111348032576398
88,100,20.59314326264306
89,75,28.121428675093767
89,76,61.110007317982365
89,77,102.93233680435569
89,78,73.91780236304929
89,79,79.16926896338916
89,80,78.05721237354311
89,81,78.05721237354311
89,82,101.0139503802696
89,83,73.91780236304929
89,84,59.82692879596846
89,85,30.66234434592651
89,86,24.641656501236476
89,87,24.162839968443617
89,88,24.162839968443617
89,89,23.79359067421428
89,90,23.79359067421428
89,91,23.70311797370012
89,92,23.79359067421428
89,93,17.389992799931477
89,94,24.54430787539229
89,95,26.094862527106063
89,96,29.33433978398102
89,97,30.66234434592651
89,98,35.74369668549434
89,99,33.36409043114094
89,100,26.543723661158012
90,75,42.982532537229744
90,76,79.16926896338916
90,77,73.91780236304929
90,78,78.05721237354311
90,79,73.91780236304929
90,80,81.49616759898501
90,81,87.99448732247524
90,82,86.60917787783498
90,83,42.36450351231416
90,84,42.06241751858184
90,85,40.34056847630805
90,86,15.473831937504094
90,87,24.44776185984738
90,88,23.79359067421428
90,89,23.79359067421428
90,90,23.79359067421428
90,91,23.79359067421428
90,92,23.79359067421428
90,93,24.069405712587606
90,94,24.162839968443617
90,95,25.243187057822702
90,96,26.543723661158012
90,97,28.918020106520146
90,98,33.36409043114094
90,99,32.467580868546754
90,100,29.475920304534377
91,75,94.03437816878682
91,76,73.91780236304929
91,77,78.05721237354311
91,78,76.97740016964265
91,79,38.26170562066839
91,80,86.60917787783498
91,81,68.50286619177638
91,82,42.36450351231416
91,83,79.16926896338916
91,84,61.110007317982365
91,85,24.54430787539229
91,86,25.243187057822702
91,87,23.79359067421428
91,88,23.79359067421428
91,89,23.70311797370012
91,90,23.435973794346612
91,91,23.79359067421428
91,92,23.613363332507053
91,93,23.79359067421428
91,94,23.3483220256704
91,95,24.069405712587606
91,96,24.35200842039592
91,97,21.72893443916665
91,98,22.427595970715274
91,99,27.369482873089083
91,100,23.00447766356284
92,75,82.71427818476319
92,76,87.99448732247524
92,77,87.99448732247524
92,78,69.34699867826971
92,79,82.71427818476319
92,80,82.71427818476319
92,81,85.2688050843232
92,82,73.91780236304929
92,83,78.05721237354311
92,84,63.857603460781824
92,85,50.39416379798683
92,86,22.033740376148895
92,87,21.004197704934775
92,88,21.21624744333693
92,89,22.111348032576398
92,90,19.88170011635914
92,91,23.089440298056683
92,92,23.435973794346612
92,93,23.3483220256704
92,94,23.613363332507053
92,95,23.089440298056683
92,96,23.613363332507053
92,97,24.162839968443617
92,98,24.069405712587606
92,99,23.79359067421428
92,100,24.54430787539229
93,75,47.128575013374245
93,76,79.16926896338916
93,77,94.03437816878682
93,78,82.71427818476319
93,79,87.99448732247524
93,80,94.03437816878682
93,81,76.97740016964265
93,82,74.90897946750623
93,83,70.21323205227537
93,84,70.21323205227537
93,85,61.110007317982365
93,86,31.293963022880114
93,87,23.79359067421428
93,88,17.296359229275943
93,89,20.198595839339745
93,90,17.580484941446304
93,91,18.65703238463236
93,92,22.671078253752004
93,93,23.089440298056683
93,94,23.435973794346612
93,95,23.3483220256704
93,96,23.79359067421428
93,97,23.79359067421428
93,98,23.70311797370012
93,99,23.97672553935921
93,100,24.069405712587606
94,75,47.51235862254096
94,76,92.44423286123617
94,77,42.36450351231416
94,78,101.0139503802696
94,79,94.03437816878682
94,80,94.03437816878682
94,81,94.03437816878682
94,82,72.95372141313577
94,83,85.2688050843232
94,84,42.36450351231416
94,85,45.65624266214306
94,86,56.29502017633824
94,87,52.21204288211959
94,88,38.509219803135394
94,89,30.66234434592651
94,90,22.753475410390518
94,91,21.004197704934775
94,92,20.198595839339745
94,93,20.459843862185632
94,94,21.145067255677876
94,95,21.360125537388132
94,96,23.00447766356284
94,97,23.3483220256704
94,98,23.79359067421428
94,99,23.79359067421428
94,100,23.79359067421428
95,75,42.36450351231416
95,76,102.93233680435569
95,77,82.71427818476319
95,78,78.05721237354311
95,79,70.21323205227537
95,80,78.05721237354311
95,81,94.03437816878682
95,82,72.01562444532655
95,83,86.60917787783498
95,84,79.16926896338916
95,85,73.91780236304929
95,86,61.110007317982365
95,87,59.20631637573968
95,88,34.51096037271151
95,89,42.671172934090784
95,90,38.26170562066839
95,91,31.785884735580925
95,92,24.739817942985045
95,93,22.671078253752004
95,94,21.432834436959173
95,95,19.57504909898666
95,96,21.287931718318504
95,97,21.880224975852762
95,98,22.34764815531727
95,99,23.00447766356284
95,100,23.261354567359845
96,75,79.16926896338916
96,76,73.91780236304929
96,77,86.60917787783498
96,78,78.05721237354311
96,79,78.05721237354311
96,80,72.01562444532655
96,81,64.58550950905227
96,82,78.05721237354311
96,83,42.36450351231416
96,84,46.75123205701334
96,85,83.97118609925452
96,86,73.91780236304929
96,87,76.97740016964265
96,88,82.71427818476319
96,89,56.29502017633824
96,90,50.39416379798683
96,91,45.30308448883065
96,92,39.272327580647335
96,93,25.985120617296417
96,94,23.00447766356284
96,95,21.804304679528286
96,96,21.880224975852762
96,97,20.934497813811888
96,98,18.65703238463236
96,99,21.004197704934775
96,100,14.38139611012305
97,75,111.4372654261191
97,76,73.91780236304929
97,77,78.05721237354311
97,78,78.05721237354311
97,79,82.71427818476319
97,80,76.97740016964265
97,81,82.71427818476319
97,82,87.99448732247524
97,83,85.2688050843232
97,84,70.21323205227537
97,85,70.21323205227537
97,86,73.91780236304929
97,87,76.97740016964265
97,88,68.50286619177638
97,89,81.49616759898501
97,90,68.50286619177638
97,91,63.14668280576031
97,92,46.015220912590124
97,93,42.36450351231416
97,94,30.356442316958073
97,95,37.77654370351161
97,96,41.47158487355608
97,97,37.538763799695516
97,98,28.513894992776304
97,99,23.79359067421428
97,100,21.579820030321667
98,75,109.17557434345778
98,76,47.90275180756249
98,77,94.03437816878682
98,78,45.65624266214306
98,79,47.90275180756249
98,80,82.71427818476319
98,81,82.71427818476319
98,82,82.71427818476319
98,83,72.95372141313577
98,84,78.05721237354311
98,85,72.95372141313577
98,86,49.960209654895436
98,87,109.17557434345778
98,88,73.91780236304929
98,89,73.91780236304929
98,90,70.21323205227537
98,91,68.50286619177638
98,92,72.95372141313577
98,93,70.21323205227537
98,94,66.87755726643755
98,95,72.95372141313577
98,96,61.110007317982365
98,97,56.29502017633824
98,98,48.7040728967859
98,99,47.128575013374245
98,100,40.34056847630805
99,75,86.60917787783498
99,76,86.60917787783498
99,77,69.34699867826971
99,78,81.49616759898501
99,79,39.014458982221015
99,80,69.34699867826971
99,81,78.05721237354311
99,82,73.91780236304929
99,83,86.60917787783498
99,84,70.21323205227537
99,85,73.91780236304929
99,86,78.05721237354311
99,87,72.95372141313577
99,88,89.4270686465234
99,89,82.71427818476319
99,90,82.71427818476319
99,91,69.34699867826971
99,92,78.05721237354311
99,93,87.99448732247524
99,94,87.99448732247524
99,95,73.91780236304929
99,96,69.34699867826971
99,97,66.09481251234828
99,98,60.46133498238996
99,99,29.055410979885373
99,100,52.21204288211959
100,75,78.05721237354311
100,76,86.60917787783498
100,77,94.03437816878682
100,78,75.92842980140074
100,79,43.619766270621305
100,80,79.16926896338916
100,81,86.60917787783498
100,82,94.03437816878682
100,83,73.91780236304929
100,84,69.34699867826971
100,85,72.01562444532655
100,86,76.97740016964265
100,87,94.03437816878682
100,88,78.05721237354311
100,89,75.92842980140074
100,90,76.97740016964265
100,91,41.764811438377116
100,92,70.21323205227537
100,93,68.50286619177638
100,94,87.99448732247524
100,95,87.99448732247524
100,96,69.34699867826971
100,97,73.91780236304929
100,98,72.95372141313577
100,99,78.05721237354311
100,100,69.34699867826971
70,75,89.4270686465234
70,76,101.0139503802696
70,77,73.91780236304929
70,78,73.91780236304929
70,79,78.05721237354311
70,80,75.92842980140074
70,81,86.60917787783498
70,82,82.71427818476319
70,83,82.71427818476319
70,84,73.91780236304929
70,85,75.92842980140074
70,86,76.97740016964265
70,87,94.03437816878682
70,88,73.91780236304929
70,89,76.97740016964265
70,90,39.272327580647335
70,91,75.92842980140074
70,92,73.91780236304929
70,93,82.71427818476319
70,94,82.71427818476319
70,95,90.90942306376063
70,96,72.95372141313577
70,97,73.91780236304929
70,98,78.05721237354311
70,99,94.03437816878682
70,100,92.44423286123617
71,75,87.99448732247524
71,76,49.115369772992025
71,77,89.4270686465234
71,78,81.49616759898501
71,79,78.05721237354311
71,80,82.71427818476319
71,81,86.60917787783498
71,82,109.17557434345778
71,83,80.31505953051612
71,84,62.45215122189918
71,85,76.97740016964265
71,86,46.38016657953644
71,87,121.56190431044158
71,88,81.49616759898501
71,89,78.05721237354311
71,90,82.71427818476319
71,91,87.99448732247524
71,92,82.71427818476319
71,93,86.60917787783498
71,94,86.60917787783498
71,95,80.31505953051612
71,96,42.671172934090784
71,97,92.44423286123617
71,98,101.0139503802696
71,99,87.99448732247524
71,100,109.17557434345778
72,75,85.2688050843232
72,76,87.99448732247524
72,77,87.99448732247524
72,78,82.71427818476319
72,79,81.49616759898501
72,80,81.49616759898501
72,81,85.2688050843232
72,82,86.60917787783498
72,83,49.534014755555205
72,84,102.93233680435569
72,85,81.49616759898501
72,86,82.71427818476319
72,87,81.49616759898501
72,88,82.71427818476319
72,89,86.60917787783498
72,90,82.71427818476319
72,91,86.60917787783498
72,92,86.60917787783498
72,93,47.128575013374245
72,94,85.2688050843232
72,95,43.619766270621305
72,96,47.128575013374245
72,97,86.60917787783498
72,98,86.60917787783498
72,99,82.71427818476319
72,100,87.99448732247524
73,75,86.60917787783498
73,76,82.71427818476319
73,77,86.60917787783498
73,78,76.97740016964265
73,79,81.49616759898501
73,80,85.2688050843232
73,81,86.60917787783498
73,82,47.90275180756249
73,83,90.90942306376063
73,84,43.619766270621305
73,85,46.38016657953644
73,86,82.71427818476319
73,87,44.955603899217216
73,88,50.83609438325171
73,89,76.97740016964265
73,90,44.955603899217216
73,91,86.60917787783498
73,92,87.99448732247524
73,93,87.99448732247524
73,94,86.60917787783498
73,95,82.71427818476319
73,96,94.03437816878682
73,97,81.49616759898501
73,98,87.99448732247524
73,99,86.60917787783498
73,100,82.71427818476319
74,75,76.97740016964265
74,76,82.71427818476319
74,77,81.49616759898501
74,78,87.99448732247524
74,79,73.91780236304929
74,80,81.49616759898501
74,81,82.71427818476319
74,82,54.68767090460642
74,83,42.982532537229744
74,84,102.93233680435569
74,85,81.49616759898501
74,86,73.91780236304929
74,87,60.46133498238996
74,88,81.49616759898501
74,89,87.99448732247524
74,90,78.05721237354311
74,91,46.38016657953644
74,92,89.4270686465234
74,93,82.71427818476319
74,94,78.05721237354311
74,95,94.03437816878682
74,96,80.31505953051612
74,97,87.99448732247524
74,98,76.97740016964265
74,99,85.2688050843232
74,100,101.0139503802696
75,75,89.4270686465234
75,76,33.36409043114094
75,77,72.95372141313577
75,78,79.16926896338916
75,79,69.34699867826971
75,80,66.87755726643755
75,81,78.05721237354311
75,82,76.97740016964265
75,83,80.31505953051612
75,84,78.05721237354311
75,85,82.71427818476319
75,86,78.05721237354311
75,87,86.60917787783498
75,88,92.44423286123617
75,89,82.71427818476319
75,90,73.91780236304929
75,91,73.91780236304929
75,92,72.95372141313577
75,93,42.671172934090784
75,94,89.4270686465234
75,95,40.06783469203325
75,96,78.05721237354311
75,97,78.05721237354311
75,98,82.71427818476319
75,99,85.2688050843232
75,100,44.27712854599181
76,75,82.71427818476319
76,76,76.97740016964265
76,77,73.91780236304929
76,78,82.71427818476319
76,79,80.31505953051612
76,80,42.982532537229744
76,81,69.34699867826971
76,82,82.71427818476319
76,83,82.71427818476319
76,84,82.71427818476319
76,85,85.2688050843232
76,86,76.97740016964265
76,87,76.97740016964265
76,88,71.10245975874594
76,89,43.298692442114515
76,90,94.03437816878682
76,91,76.97740016964265
76,92,43.619766270621305
76,93,74.90897946750623
76,94,87.99448732247524
76,95,87.99448732247524
76,96,69.34699867826971
76,97,70.21323205227537
76,98,75.92842980140074
76,99,42.982532537229744
76,100,111.4372654261191
77,75,81.49616759898501
77,76,101.0139503802696
77,77,92.44423286123617
77,78,38.01750258365549
77,79,49.115369772992025
77,80,86.60917787783498
77,81,82.71427818476319
77,82,71.10245975874594
77,83,31.620119062893835
77,84,75.92842980140074
77,85,70.21323205227537
77,86,94.03437816878682
77,87,82.71427818476319
77,88,72.95372141313577
77,89,65.33102678881399
77,90,69.34699867826971
77,91,78.05721237354311
77,92,81.49616759898501
77,93,69.34699867826971
77,94,82.71427818476319
77,95,73.91780236304929
77,96,82.71427818476319
77,97,82.71427818476319
77,98,81.49616759898501
77,99,75.92842980140074
77,100,42.36450351231416
78,75,94.03437816878682
78,76,34.31410574065504
78,77,81.49616759898501
78,78,82.71427818476319
78,79,78.05721237354311
78,80,92.44423286123617
78,81,42.36450351231416
78,82,76.97740016964265
78,83,78.05721237354311
78,84,82.71427818476319
78,85,78.05721237354311
78,86,80.31505953051612
78,87,72.95372141313577
78,88,83.97118609925452
78,89,82.71427818476319
78,90,76.97740016964265
78,91,101.0139503802696
78,92,81.49616759898501
78,93,81.49616759898501
78,94,76.97740016964265
78,95,85.2688050843232
78,96,42.36450351231416
78,97,82.71427818476319
78,98,44.955603899217216
78,99,79.16926896338916
78,100,118.85376566828423
79,75,94.03437816878682
79,76,81.49616759898501
79,77,86.60917787783498
79,78,109.17557434345778
79,79,81.49616759898501
79,80,73.91780236304929
79,81,72.95372141313577
79,82,76.97740016964265
79,83,82.71427818476319
79,84,85.2688050843232
79,85,46.38016657953644
79,86,81.49616759898501
79,87,82.71427818476319
79,88,79.16926896338916
79,89,89.4270686465234
79,90,94.03437816878682
79,91,72.95372141313577
79,92,78.05721237354311
79,93,82.71427818476319
79,94,80.31505953051612
79,95,44.955603899217216
79,96,81.49616759898501
79,97,82.71427818476319
79,98,87.99448732247524
79,99,109.17557434345778
79,100,87.99448732247524
80,75,87.99448732247524
80,76,78.05721237354311
80,77,78.05721237354311
80,78,94.03437816878682
80,79,118.85376566828423
80,80,118.85376566828423
80,81,75.92842980140074
80,82,43.94587128705875
80,83,104.92870957066481
80,84,52.68822225038913
80,85,89.4270686465234
80,86,73.91780236304929
80,87,78.05721237354311
80,88,94.03437816878682
80,89,78.05721237354311
80,90,85.2688050843232
80,91,44.955603899217216
80,92,79.16926896338916
80,93,101.0139503802696
80,94,82.71427818476319
80,95,86.60917787783498
80,96,82.71427818476319
80,97,76.97740016964265
80,98,81.49616759898501
80,99,111.4372654261191
80,100,101.0139503802696
81,75,76.97740016964265
81,76,42.06241751858184
81,77,75.92842980140074
81,78,10.464703647011481
81,79,87.99448732247524
81,80,82.71427818476319
81,81,82.71427818476319
81,82,72.95372141313577
81,83,76.97740016964265
81,84,78.05721237354311
81,85,81.49616759898501
81,86,43.619766270621305
81,87,72.95372141313577
81,88,87.99448732247524
81,89,111.4372654261191
81,90,87.99448732247524
81,91,85.2688050843232
81,92,109.17557434345778
81,93,121.56190431044158
81,94,94.03437816878682
81,95,81.49616759898501
81,96,37.77654370351161
81,97,130.52390979996224
81,98,82.71427818476319
81,99,66.87755726643755
81,100,49.534014755555205
82,75,89.4270686465234
82,76,78.05721237354311
82,77,73.91780236304929
82,78,78.05721237354311
82,79,86.60917787783498
82,80,82.71427818476319
82,81,87.99448732247524
82,82,75.92842980140074
82,83,42.36450351231416
82,84,121.56190431044158
82,85,87.99448732247524
82,86,86.60917787783498
82,87,72.95372141313577
82,88,76.97740016964265
82,89,44.61366304734636
82,90,85.2688050843232
82,91,46.38016657953644
82,92,79.16926896338916
82,93,82.71427818476319
82,94,81.49616759898501
82,95,58.59904611483518
82,96,42.36450351231416
82,97,38.26170562066839
82,98,31.953482383503516
82,99,30.66234434592651
82,100,28.381803003017357
83,75,87.99448732247524
83,76,78.05721237354311
83,77,95.6829556336824
83,78,76.97740016964265
83,79,42.36450351231416
83,80,74.90897946750623
83,81,42.06241751858184
83,82,42.36450351231416
83,83,81.49616759898501
83,84,101.0139503802696
83,85,70.21323205227537
83,86,78.05721237354311
83,87,85.2688050843232
83,88,101.0139503802696
83,89,78.05721237354311
83,90,95.6829556336824
83,91,82.71427818476319
83,92,55.74833833173717
83,93,43.94587128705875
83,94,41.47158487355608
83,95,34.91185993607099
83,96,30.056867729113673
83,97,27.993109341865374
83,98,26.429997303621274
83,99,26.094862527106063
83,100,24.838802581334587
84,75,41.18264042544637
84,76,72.95372141313577
84,77,82.71427818476319
84,78,49.115369772992025
84,79,73.91780236304929
84,80,73.91780236304929
84,81,73.91780236304929
84,82,86.60917787783498
84,83,78.05721237354311
84,84,76.97740016964265
84,85,44.27712854599181
84,86,71.10245975874594
84,87,73.91780236304929
84,88,56.29502017633824
84,89,43.94587128705875
84,90,33.92737123473442
84,91,32.64282373679562
84,92,28.918020106520146
84,93,21.804304679528286
84,94,19.63558400730515
84,95,20.26325039141276
84,96,25.039283868909546
84,97,24.44776185984738
84,98,24.54430787539229
84,99,24.54430787539229
84,100,24.44776185984738
85,75,43.94587128705875
85,76,73.91780236304929
85,77,70.21323205227537
85,78,66.87755726643755
85,79,69.34699867826971
85,80,81.49616759898501
85,81,73.91780236304929
85,82,69.34699867826971
85,83,66.09481251234828
85,84,72.95372141313577
85,85,54.17303045725812
85,86,37.304099438856944
85,87,20.198595839339745
85,88,30.056867729113673
85,89,26.543723661158012
85,90,25.66162132394201
85,91,24.938620975861525
85,92,24.938620975861525
85,93,24.44776185984738
85,94,24.44776185984738
85,95,19.696512624040544
85,96,18.494842245104984
85,97,24.162839968443617
85,98,24.162839968443617
85,99,24.069405712587606
85,100,24.162839968443617
86,75,82.71427818476319
86,76,72.01562444532655
86,77,44.955603899217216
86,78,81.49616759898501
86,79,27.248232997575045
86,80,72.01562444532655
86,81,70.21323205227537
86,82,73.91780236304929
86,83,69.34699867826971
86,84,63.14668280576031
86,85,39.53379466901948
86,86,26.77428231844547
86,87,25.243187057822702
86,88,24.838802581334587
86,89,24.54430787539229
86,90,24.35200842039592
86,91,19.336770079215114
86,92,24.838802581334587
86,93,24.162839968443617
86,94,24.838802581334587
86,95,24.162839968443617
86,96,24.162839968443617
86,97,23.79359067421428
86,98,18.602638696446874
86,99,23.70311797370012
86,100,23.261354567359845
87,75,70.21323205227537
87,76,82.71427818476319
87,77,73.91780236304929
87,78,69.34699867826971
87,79,78.05721237354311
87,80,78.05721237354311
87,81,78.05721237354311
87,82,66.87755726643755
87,83,42.36450351231416
87,84,79.16926896338916
87,85,33.36409043114094
87,86,24.938620975861525
87,87,24.44776185984738
87,88,24.838802581334587
87,89,24.162839968443617
87,90,23.97672553935921
87,91,17.066832356530384
87,92,24.069405712587606
87,93,19.88170011635914
87,94,24.44776185984738
87,95,23.79359067421428
87,96,23.435973794346612
87,97,22.671078253752004
87,98,22.111348032576398
87,99,21.804304679528286
87,100,22.111348032576398
88,75,76.97740016964265
88,76,72.95372141313577
88,77,54.68767090460642
88,78,78.05721237354311
88,79,73.91780236304929
88,80,78.05721237354311
88,81,78.05721237354311
88,82,81.49616759898501
88,83,54.68767090460642
88,84,66.09481251234828
88,85,35.322646641374305
88,86,24.838802581334587
88,87,24.44776185984738
88,88,24.162839968443617
88,89,24.069405712587606
88,90,24.162839968443617
88,91,24.162839968443617
88,92,23.613363332507053
88,93,19.047331040870027
88,94,23.3483220256704
88,95,21.804304679528286
88,96,21.004197704934775
88,97,21.004197704934775
88,98,21.50606403455799
88,99,23.3483220256704
88,100,19.39576826410187
89,75,86.60917787783498
89,76,101.0139503802696
89,77,72.01562444532655
89,78,76.97740016964265
89,79,72.95372141313577
89,80,70.21323205227537
89,81,94.03437816878682
89,82,86.60917787783498
89,83,66.09481251234828
89,84,64.58550950905227
89,85,30.66234434592651
89,86,24.54430787539229
89,87,24.162839968443617
89,88,24.069405712587606
89,89,23.613363332507053
89,90,23.79359067421428
89,91,23.70311797370012
89,92,24.162839968443617
89,93,24.069405712587606
89,94,24.838802581334587
89,95,25.243187057822702
89,96,21.654108208529145
89,97,25.140802189579194
89,98,34.11959004815568
89,99,36.618190278297384
89,100,26.543723661158012
90,75,86.60917787783498
90,76,80.31505953051612
90,77,86.60917787783498
90,78,73.91780236304929
90,79,82.71427818476319
90,80,82.71427818476319
90,81,66.09481251234828
90,82,73.91780236304929
90,83,78.05721237354311
90,84,54.17303045725812
90,85,32.64282373679562
90,86,25.243187057822702
90,87,24.162839968443617
90,88,23.613363332507053
90,89,16.6263975367532
90,90,23.79359067421428
90,91,23.70311797370012
90,92,24.162839968443617
90,93,24.838802581334587
90,94,24.162839968443617
90,95,25.243187057822702
90,96,27.00907883778985
90,97,28.918020106520146
90,98,34.11959004815568
90,99,33.180658278452796
90,100,29.475920304534377
91,75,44.27712854599181
91,76,94.03437816878682
91,77,78.05721237354311
91,78,73.91780236304929
91,79,92.44423286123617
91,80,94.03437816878682
91,81,39.79893728348299
91,82,62.45215122189918
91,83,74.90897946750623
91,84,63.857603460781824
91,85,31.293963022880114
91,86,24.54430787539229
91,87,23.089440298056683
91,88,23.70311797370012
91,89,23.70311797370012
91,90,23.88479021933754
91,91,23.79359067421428
91,92,23.79359067421428
91,93,23.79359067421428
91,94,23.79359067421428
91,95,19.63558400730515
91,96,24.162839968443617
91,97,25.346449788647412
91,98,27.00907883778985
91,99,27.86601116599009
91,100,27.740116537155377
92,75,47.128575013374245
92,76,69.34699867826971
92,77,73.91780236304929
92,78,78.05721237354311
92,79,78.05721237354311
92,80,73.91780236304929
92,81,72.95372141313577
92,82,70.21323205227537
92,83,70.21323205227537
92,84,41.18264042544637
92,85,36.618190278297384
92,86,22.18953085342039
92,87,21.287931718318504
92,88,21.21624744333693
92,89,22.427595970715274
92,90,23.3483220256704
92,91,23.3483220256704
92,92,23.79359067421428
92,93,17.580484941446304
92,94,23.79359067421428
92,95,23.70311797370012
92,96,23.79359067421428
92,97,24.069405712587606
92,98,24.069405712587606
92,99,24.162839968443617
92,100,24.44776185984738
93,75,89.4270686465234
93,76,87.99448732247524
93,77,72.95372141313577
93,78,76.97740016964265
93,79,76.97740016964265
93,80,78.05721237354311
93,81,85.2688050843232
93,82,78.05721237354311
93,83,73.91780236304929
93,84,70.21323205227537
93,85,54.68767090460642
93,86,20.934497813811888
93,87,23.089440298056683
93,88,20.728276065434503
93,89,20.007200137557078
93,90,21.074385776790226
93,91,21.804304679528286
93,92,22.753475410390518
93,93,18.766826198406456
93,94,24.069405712587606
93,95,23.3483220256704
93,96,23.79359067421428
93,97,23.79359067421428
93,98,24.069405712587606
93,99,24.162839968443617
93,100,24.162839968443617
94,75,102.93233680435569
94,76,78.05721237354311
94,77,78.05721237354311
94,78,35.958193314181976
94,79,76.97740016964265
94,80,94.03437816878682
94,81,68.50286619177638
94,82,46.015220912590124
94,83,82.71427818476319
94,84,86.60917787783498
94,85,70.21323205227537
94,86,52.21204288211959
94,87,48.29992949725978
94,88,38.26170562066839
94,89,30.66234434592651
94,90,20.198595839339745
94,91,21.579820030321667
94,92,20.26325039141276
94,93,20.459843862185632
94,94,20.934497813811888
94,95,21.804304679528286
94,96,22.920167687406057
94,97,16.04830018348329
94,98,23.79359067421428
94,99,23.79359067421428
94,100,19.63558400730515
95,75,70.21323205227537
95,76,78.05721237354311
95,77,72.01562444532655
95,78,73.91780236304929
95,79,73.91780236304929
95,80,78.05721237354311
95,81,69.34699867826971
95,82,86.60917787783498
95,83,70.21323205227537
95,84,78.05721237354311
95,85,70.21323205227537
95,86,66.87755726643755
95,87,58.59904611483518
95,88,48.7040728967859
95,89,30.974779616537212
95,90,27.615408184524885
95,91,32.64282373679562
95,92,25.768512709752677
95,93,23.00447766356284
95,94,20.13437217519263
95,95,16.414985683698223
95,96,21.50606403455799
95,97,21.880224975852762
95,98,22.753475410390518
95,99,23.089440298056683
95,100,23.3483220256704
96,75,72.01562444532655
96,76,42.982532537229744
96,77,87.99448732247524
96,78,70.21323205227537
96,79,76.97740016964265
96,80,86.60917787783498
96,81,51.744795304517986
96,82,26.094862527106063
96,83,71.10245975874594
96,84,78.05721237354311
96,85,94.03437816878682
96,86,78.05721237354311
96,87,66.09481251234828
96,88,46.75123205701334
96,89,56.29502017633824
96,90,47.128575013374245
96,91,42.671172934090784
96,92,37.072488876431805
96,93,29.475920304534377
96,94,26.543723661158012
96,95,21.804304679528286
96,96,21.880224975852762
96,97,20.934497813811888
96,98,17.48469514066499
96,99,20.934497813811888
96,100,22.34764815531727
97,75,34.31410574065504
97,76,73.91780236304929
97,77,94.03437816878682
97,78,82.71427818476319
97,79,73.91780236304929
97,80,47.90275180756249
97,81,79.16926896338916
97,82,78.05721237354311
97,83,87.99448732247524
97,84,72.95372141313577
97,85,76.97740016964265
97,86,78.05721237354311
97,87,81.49616759898501
97,88,73.91780236304929
97,89,66.09481251234828
97,90,82.71427818476319
97,91,63.857603460781824
97,92,52.21204288211959
97,93,49.960209654895436
97,94,26.205580384559354
97,95,29.055410979885373
97,96,42.06241751858184
97,97,37.538763799695516
97,98,27.00907883778985
97,99,27.00907883778985
97,100,21.50606403455799
98,75,47.51235862254096
98,76,82.71427818476319
98,77,82.71427818476319
98,78,78.05721237354311
98,79,82.71427818476319
98,80,87.99448732247524
98,81,69.34699867826971
98,82,76.97740016964265
98,83,82.71427818476319
98,84,58.0046860479297
98,85,76.97740016964265
98,86,86.60917787783498
98,87,46.015220912590124
98,88,69.34699867826971
98,89,73.91780236304929
98,90,76.97740016964265
98,91,69.34699867826971
98,92,95.6829556336824
98,93,87.99448732247524
98,94,58.59904611483518
98,95,54.68767090460642
98,96,66.09481251234828
98,97,58.59904611483518
98,98,54.17303045725812
98,99,45.65624266214306
98,100,35.531864487274916
99,75,72.95372141313577
99,76,44.27712854599181
99,77,89.4270686465234
99,78,94.03437816878682
99,79,78.05721237354311
99,80,42.06241751858184
99,81,72.01562444532655
99,82,87.99448732247524
99,83,72.01562444532655
99,84,45.65624266214306
99,85,72.95372141313577
99,86,78.05721237354311
99,87,73.91780236304929
99,88,82.71427818476319
99,89,75.92842980140074
99,90,86.60917787783498
99,91,87.99448732247524
99,92,73.91780236304929
99,93,66.87755726643755
99,94,73.91780236304929
99,95,69.34699867826971
99,96,70.21323205227537
99,97,66.09481251234828
99,98,38.01750258365549
99,99,42.06241751858184
99,100,32.820060943757476
100,75,73.91780236304929
100,76,78.05721237354311
100,77,78.05721237354311
100,78,82.71427818476319
100,79,76.97740016964265
100,80,73.91780236304929
100,81,81.49616759898501
100,82,73.91780236304929
100,83,80.31505953051612
100,84,76.97740016964265
100,85,48.7040728967859
100,86,86.60917787783498
100,87,82.71427818476319
100,88,101.0139503802696
100,89,81.49616759898501
100,90,78.05721237354311
100,91,73.91780236304929
100,92,75.92842980140074
100,93,58.59904611483518
100,94,86.60917787783498
100,95,73.91780236304929
100,96,78.05721237354311
100,97,80.31505953051612
100,98,87.99448732247524
100,99,70.21323205227537
100,100,70.21323205227537
70,75,73.91780236304929
70,76,38.01750258365549
70,77,121.56190431044158
70,78,82.71427818476319
70,79,69.34699867826971
70,80,78.05721237354311
70,81,78.05721237354311
70,82,80.31505953051612
70,83,73.91780236304929
70,84,72.95372141313577
70,85,48.7040728967859
70,86,79.16926896338916
70,87,73.91780236304929
70,88,78.05721237354311
70,89,81.49616759898501
70,90,42.06241751858184
70,91,78.05721237354311
70,92,78.05721237354311
70,93,81.49616759898501
70,94,76.97740016964265
70,95,78.05721237354311
70,96,81.49616759898501
70,97,43.619766270621305
70,98,54.68767090460642
70,99,78.05721237354311
70,100,82.71427818476319
71,75,87.99448732247524
71,76,94.03437816878682
71,77,82.71427818476319
71,78,86.60917787783498
71,79,94.03437816878682
71,80,101.0139503802696
71,81,86.60917787783498
71,82,86.60917787783498
71,83,75.92842980140074
71,84,43.94587128705875
71,85,46.38016657953644
71,86,102.93233680435569
71,87,48.29992949725978
71,88,81.49616759898501
71,89,82.71427818476319
71,90,81.49616759898501
71,91,82.71427818476319
71,92,76.97740016964265
71,93,94.03437816878682
71,94,49.960209654895436
71,95,47.90275180756249
71,96,80.31505953051612
71,97,101.0139503802696
71,98,87.99448732247524
71,99,86.60917787783498
71,100,80.31505953051612
72,75,102.93233680435569
72,76,95.6829556336824
72,77,86.60917787783498
72,78,82.71427818476319
72,79,87.99448732247524
72,80,82.71427818476319
72,81,87.99448732247524
72,82,86.60917787783498
72,83,86.60917787783498
72,84,85.2688050843232
72,85,87.99448732247524
72,86,81.49616759898501
72,87,86.60917787783498
72,88,87.99448732247524
72,89,80.31505953051612
72,90,86.60917787783498
72,91,86.60917787783498
72,92,86.60917787783498
72,93,86.60917787783498
72,94,86.60917787783498
72,95,92.44423286123617
72,96,87.99448732247524
72,97,86.60917787783498
72,98,94.03437816878682
72,99,86.60917787783498
72,100,85.2688050843232
73,75,54.68767090460642
73,76,87.99448732247524
73,77,87.99448732247524
73,78,82.71427818476319
73,79,82.71427818476319
73,80,87.99448732247524
73,81,87.99448732247524
73,82,87.99448732247524
73,83,87.99448732247524
73,84,86.60917787783498
73,85,87.99448732247524
73,86,86.60917787783498
73,87,87.99448732247524
73,88,87.99448732247524
73,89,86.60917787783498
73,90,86.60917787783498
73,91,82.71427818476319
73,92,87.99448732247524
73,93,85.2688050843232
73,94,86.60917787783498
73,95,86.60917787783498
73,96,87.99448732247524
73,97,87.99448732247524
73,98,86.60917787783498
73,99,94.03437816878682
73,100,87.99448732247524
74,75,82.71427818476319
74,76,89.4270686465234
74,77,78.05721237354311
74,78,76.97740016964265
74,79,78.05721237354311
74,80,82.71427818476319
74,81,86.60917787783498
74,82,47.90275180756249
74,83,82.71427818476319
74,84,49.115369772992025
74,85,79.16926896338916
74,86,78.05721237354311
74,87,82.71427818476319
74,88,94.03437816878682
74,89,94.03437816878682
74,90,75.92842980140074
74,91,82.71427818476319
74,92,78.05721237354311
74,93,101.0139503802696
74,94,82.71427818476319
74,95,92.44423286123617
74,96,42.982532537229744
74,97,49.115369772992025
74,98,82.71427818476319
74,99,86.60917787783498
74,100,78.05721237354311
75,75,59.20631637573968
75,76,74.90897946750623
75,77,82.71427818476319
75,78,69.34699867826971
75,79,73.91780236304929
75,80,81.49616759898501
75,81,76.97740016964265
75,82,78.05721237354311
75,83,99.16900370030181
75,84,82.71427818476319
75,85,87.99448732247524
75,86,82.71427818476319
75,87,72.95372141313577
75,88,82.71427818476319
75,89,87.99448732247524
75,90,82.71427818476319
75,91,76.97740016964265
75,92,76.97740016964265
75,93,53.17359605172484
75,94,64.58550950905227
75,95,59.82692879596846
75,96,82.71427818476319
75,97,82.71427818476319
75,98,78.05721237354311
75,99,72.01562444532655
75,100,47.90275180756249
76,75,78.05721237354311
76,76,76.97740016964265
76,77,82.71427818476319
76,78,109.17557434345778
76,79,73.91780236304929
76,80,73.91780236304929
76,81,78.05721237354311
76,82,82.71427818476319
76,83,73.91780236304929
76,84,76.97740016964265
76,85,73.91780236304929
76,86,76.97740016964265
76,87,39.014458982221015
76,88,78.05721237354311
76,89,63.14668280576031
76,90,63.857603460781824
76,91,72.95372141313577
76,92,46.015220912590124
76,93,79.16926896338916
76,94,78.05721237354311
76,95,73.91780236304929
76,96,69.34699867826971
76,97,78.05721237354311
76,98,73.91780236304929
76,99,82.71427818476319
76,100,86.60917787783498
77,75,86.60917787783498
77,76,52.21204288211959
77,77,102.93233680435569
77,78,76.97740016964265
77,79,73.91780236304929
77,80,50.83609438325171
77,81,73.91780236304929
77,82,73.91780236304929
77,83,85.2688050843232
77,84,81.49616759898501
77,85,94.03437816878682
77,86,47.51235862254096
77,87,89.4270686465234
77,88,69.34699867826971
77,89,87.99448732247524
77,90,78.05721237354311
77,91,72.01562444532655
77,92,70.21323205227537
77,93,78.05721237354311
77,94,85.2688050843232
77,95,42.982532537229744
77,96,76.97740016964265
77,97,73.91780236304929
77,98,81.49616759898501
77,99,82.71427818476319
77,100,32.820060943757476
78,75,99.16900370030181
78,76,87.99448732247524
78,77,76.97740016964265
78,78,43.619766270621305
78,79,86.60917787783498
78,80,82.71427818476319
78,81,82.71427818476319
78,82,86.60917787783498
78,83,95.6829556336824
78,84,95.6829556336824
78,85,76.97740016964265
78,86,73.91780236304929
78,87,101.0139503802696
78,88,44.955603899217216
78,89,49.960209654895436
78,90,79.16926896338916
78,91,78.05721237354311
78,92,86.60917787783498
78,93,46.38016657953644
78,94,78.05721237354311
78,95,87.99448732247524
78,96,101.0139503802696
78,97,76.97740016964265
78,98,78.05721237354311
78,99,80.31505953051612
78,100,45.30308448883065
79,75,78.05721237354311
79,76,76.97740016964265
79,77,82.71427818476319
79,78,87.99448732247524
79,79,86.60917787783498
79,80,82.71427818476319
79,81,78.05721237354311
79,82,76.97740016964265
79,83,72.01562444532655
79,84,87.99448732247524
79,85,80.31505953051612
79,86,34.51096037271151
79,87,80.31505953051612
79,88,82.71427818476319
79,89,81.49616759898501
79,90,78.05721237354311
79,91,94.03437816878682
79,92,51.28622685581782
79,93,58.0046860479297
79,94,82.71427818476319
79,95,82.71427818476319
79,96,86.60917787783498
79,97,87.99448732247524
79,98,94.03437816878682
79,99,87.99448732247524
79,100,118.85376566828423
80,75,94.03437816878682
80,76,87.99448732247524
80,77,101.0139503802696
80,78,94.03437816878682
80,79,71.10245975874594
80,80,87.99448732247524
80,81,76.97740016964265
80,82,78.05721237354311
80,83,92.44423286123617
80,84,44.27712854599181
80,85,78.05721237354311
80,86,78.05721237354311
80,87,82.71427818476319
80,88,87.99448732247524
80,89,109.17557434345778
80,90,101.0139503802696
80,91,82.71427818476319
80,92,82.71427818476319
80,93,109.17557434345778
80,94,86.60917787783498
80,95,94.03437816878682
80,96,48.7040728967859
80,97,53.17359605172484
80,98,95.6829556336824
80,99,32.29429836343636
80,100,82.71427818476319
81,75,78.05721237354311
81,76,87.99448732247524
81,77,76.97740016964265
81,78,69.34699867826971
81,79,73.91780236304929
81,80,82.71427818476319
81,81,86.60917787783498
81,82,76.97740016964265
81,83,49.960209654895436
81,84,102.93233680435569
81,85,82.71427818476319
81,86,73.91780236304929
81,87,86.60917787783498
81,88,81.49616759898501
81,89,109.17557434345778
81,90,81.49616759898501
81,91,81.49616759898501
81,92,47.128575013374245
81,93,97.39329925839745
81,94,101.0139503802696
81,95,92.44423286123617
81,96,94.03437816878682
81,97,94.03437816878682
81,98,47.51235862254096
81,99,71.10245975874594
81,100,50.39416379798683
82,75,78.05721237354311
82,76,72.95372141313577
82,77,94.03437816878682
82,78,107.00800161467413
82,79,42.36450351231416
82,80,86.60917787783498
82,81,94.03437816878682
82,82,82.71427818476319
82,83,78.05721237354311
82,84,78.05721237354311
82,85,79.16926896338916
82,86,80.31505953051612
82,87,82.71427818476319
82,88,81.49616759898501
82,89,66.09481251234828
82,90,87.99448732247524
82,91,81.49616759898501
82,92,76.97740016964265
82,93,87.99448732247524
82,94,90.90942306376063
82,95,39.53379466901948
82,96,42.671172934090784
82,97,37.538763799695516
82,98,32.64282373679562
82,99,30.66234434592651
82,100,27.993109341865374
83,75,81.49616759898501
83,76,94.03437816878682
83,77,73.91780236304929
83,78,53.66843740923079
83,79,45.65624266214306
83,80,87.99448732247524
83,81,73.91780236304929
83,82,73.91780236304929
83,83,94.03437816878682
83,84,73.91780236304929
83,85,78.05721237354311
83,86,89.4270686465234
83,87,82.71427818476319
83,88,82.71427818476319
83,89,94.03437816878682
83,90,78.05721237354311
83,91,76.97740016964265
83,92,47.128575013374245
83,93,41.47158487355608
83,94,37.304099438856944
83,95,31.293963022880114
83,96,28.25098712388462
83,97,19.696512624040544
83,98,24.838802581334587
83,99,25.140802189579194
83,100,24.838802581334587
84,75,66.87755726643755
84,76,73.91780236304929
84,77,73.91780236304929
84,78,82.71427818476319
84,79,101.0139503802696
84,80,42.671172934090784
84,81,49.960209654895436
84,82,81.49616759898501
84,83,94.03437816878682
84,84,82.71427818476319
84,85,78.05721237354311
84,86,69.34699867826971
84,87,63.857603460781824
84,88,54.17303045725812
84,89,42.36450351231416
84,90,31.456155042750844
84,91,23.089440298056683
84,92,28.381803003017357
84,93,23.52431810740442
84,94,26.543723661158012
84,95,25.346449788647412
84,96,24.938620975861525
84,97,24.44776185984738
84,98,24.54430787539229
84,99,24.162839968443617
84,100,24.54430787539229
85,75,63.857603460781824
85,76,63.857603460781824
85,77,66.09481251234828
85,78,73.91780236304929
85,79,66.87755726643755
85,80,66.09481251234828
85,81,76.97740016964265
85,82,44.61366304734636
85,83,40.89788358318388
85,84,39.014458982221015
85,85,41.47158487355608
85,86,34.71019704602197
85,87,31.953482383503516
85,88,29.618940702371063
85,89,27.491869168561973
85,90,26.205580384559354
85,91,25.243187057822702
85,92,24.44776185984738
85,93,24.54430787539229
85,94,24.838802581334587
85,95,24.54430787539229
85,96,24.162839968443617
85,97,23.97672553935921
85,98,24.162839968443617
85,99,24.069405712587606
85,100,24.162839968443617
86,75,42.06241751858184
86,76,76.97740016964265
86,77,73.91780236304929
86,78,73.91780236304929
86,79,78.05721237354311
86,80,76.97740016964265
86,81,42.36450351231416
86,82,78.05721237354311
86,83,87.99448732247524
86,84,66.87755726643755
86,85,35.531864487274916
86,86,26.89114346431534
86,87,26.094862527106063
86,88,25.243187057822702
86,89,24.938620975861525
86,90,24.162839968443617
86,91,20.13437217519263
86,92,25.039283868909546
86,93,24.162839968443617
86,94,14.60635540122307
86,95,23.97672553935921
86,96,24.162839968443617
86,97,24.162839968443617
86,98,23.79359067421428
86,99,24.54430787539229
86,100,23.79359067421428
87,75,70.21323205227537
87,76,82.71427818476319
87,77,87.99448732247524
87,78,69.34699867826971
87,79,73.91780236304929
87,80,89.4270686465234
87,81,82.71427818476319
87,82,70.21323205227537
87,83,73.91780236304929
87,84,63.857603460781824
87,85,31.456155042750844
87,86,20.66047809663172
87,87,25.243187057822702
87,88,18.934080735465443
87,89,24.162839968443617
87,90,24.162839968443617
87,91,23.79359067421428
87,92,23.97672553935921
87,93,24.162839968443617
87,94,24.162839968443617
87,95,19.63558400730515
87,96,23.52431810740442
87,97,22.671078253752004
87,98,22.111348032576398
87,99,21.880224975852762
87,100,21.804304679528286
88,75,99.16900370030181
88,76,70.21323205227537
88,77,78.05721237354311
88,78,73.91780236304929
88,79,87.99448732247524
88,80,72.01562444532655
88,81,32.820060943757476
88,82,73.91780236304929
88,83,65.33102678881399
88,84,42.06241751858184
88,85,30.66234434592651
88,86,24.838802581334587
88,87,24.162839968443617
88,88,24.162839968443617
88,89,24.162839968443617
88,90,24.162839968443617
88,91,24.162839968443617
88,92,23.79359067421428
88,93,23.79359067421428
88,94,23.261354567359845
88,95,22.111348032576398
88,96,20.66047809663172
88,97,20.66047809663172
88,98,21.50606403455799
88,99,16.088193545928032
88,100,24.069405712587606
89,75,78.05721237354311
89,76,82.71427818476319
89,77,78.05721237354311
89,78,78.05721237354311
89,79,85.2688050843232
89,80,70.21323205227537
89,81,73.91780236304929
89,82,78.05721237354311
89,83,101.0139503802696
89,84,76.97740016964265
89,85,33.92737123473442
89,86,25.243187057822702
89,87,24.162839968443617
89,88,23.79359067421428
89,89,23.79359067421428
89,90,23.79359067421428
89,91,23.613363332507053
89,92,17.874572709074958
89,93,23.97672553935921
89,94,19.696512624040544
89,95,26.094862527106063
89,96,29.055410979885373
89,97,31.456155042750844
89,98,33.36409043114094
89,99,33.36409043114094
89,100,27.993109341865374
90,75,94.03437816878682
90,76,78.05721237354311
90,77,76.97740016964265
90,78,73.91780236304929
90,79,78.05721237354311
90,80,102.93233680435569
90,81,70.21323205227537
90,82,72.95372141313577
90,83,78.05721237354311
90,84,60.46133498238996
90,85,23.3483220256704
90,86,22.589304039322084
90,87,24.069405712587606
90,88,23.79359067421428
90,89,23.79359067421428
90,90,23.79359067421428
90,91,23.79359067421428
90,92,23.79359067421428
90,93,24.257037690632465
90,94,24.162839968443617
90,95,25.346449788647412
90,96,26.543723661158012
90,97,28.918020106520146
90,98,32.820060943757476
90,99,34.11959004815568
90,100,29.618940702371063
91,75,72.01562444532655
91,76,72.95372141313577
91,77,73.91780236304929
91,78,70.21323205227537
91,79,39.014458982221015
91,80,87.99448732247524
91,81,78.05721237354311
91,82,70.21323205227537
91,83,70.21323205227537
91,84,73.91780236304929
91,85,24.162839968443617
91,86,24.069405712587606
91,87,23.79359067421428
91,88,23.79359067421428
91,89,23.70311797370012
91,90,19.278146794963316
91,91,23.79359067421428
91,92,23.79359067421428
91,93,23.79359067421428
91,94,23.79359067421428
91,95,24.162839968443617
91,96,24.838802581334587
91,97,18.441433392257018
91,98,21.21624744333693
91,99,28.381803003017357
91,100,29.055410979885373
92,75,70.21323205227537
92,76,79.16926896338916
92,77,78.05721237354311
92,78,78.05721237354311
92,79,63.857603460781824
92,80,78.05721237354311
92,81,73.91780236304929
92,82,78.05721237354311
92,83,66.87755726643755
92,84,39.272327580647335
92,85,30.66234434592651
92,86,22.111348032576398
92,87,21.21624744333693
92,88,21.21624744333693
92,89,18.283128571292316
92,90,16.75600787673553
92,91,23.3483220256704
92,92,23.79359067421428
92,93,23.79359067421428
92,94,19.162010511186114
92,95,24.069405712587606
92,96,23.79359067421428
92,97,24.162839968443617
92,98,24.162839968443617
92,99,24.162839968443617
92,100,24.162839968443617
93,75,79.16926896338916
93,76,70.21323205227537
93,77,69.34699867826971
93,78,78.05721237354311
93,79,73.91780236304929
93,80,72.95372141313577
93,81,73.91780236304929
93,82,37.77654370351161
93,83,82.71427818476319
93,84,70.21323205227537
93,85,61.110007317982365
93,86,28.381803003017357
93,87,23.00447766356284
93,88,20.728276065434503
93,89,20.26325039141276
93,90,21.50606403455799
93,91,21.72893443916665
93,92,22.671078253752004
93,93,23.089440298056683
93,94,23.435973794346612
93,95,23.3483220256704
93,96,23.79359067421428
93,97,23.79359067421428
93,98,24.44776185984738
93,99,24.162839968443617
93,100,24.069405712587606
94,75,44.955603899217216
94,76,69.34699867826971
94,77,94.03437816878682
94,78,70.21323205227537
94,79,73.91780236304929
94,80,45.65624266214306
94,81,73.91780236304929
94,82,73.91780236304929
94,83,82.71427818476319
94,84,63.857603460781824
94,85,63.857603460781824
94,86,54.17303045725812
94,87,43.619766270621305
94,88,29.055410979885373
94,89,30.66234434592651
94,90,23.089440298056683
94,91,21.004197704934775
94,92,20.459843862185632
94,93,17.15787298554795
94,94,18.934080735465443
94,95,22.111348032576398
94,96,22.427595970715274
94,97,23.70311797370012
94,98,23.79359067421428
94,99,23.70311797370012
94,100,24.257037690632465
95,75,78.05721237354311
95,76,38.01750258365549
95,77,63.857603460781824
95,78,61.110007317982365
95,79,64.58550950905227
95,80,56.29502017633824
95,81,58.59904611483518
95,82,66.87755726643755
95,83,38.01750258365549
95,84,56.29502017633824
95,85,56.29502017633824
95,86,53.66843740923079
95,87,29.194177180102084
95,88,43.94587128705875
95,89,39.272327580647335
95,90,37.304099438856944
95,91,32.64282373679562
95,92,24.938620975861525
95,93,21.579820030321667
95,94,17.249937509751017
95,95,20.007200137557078
95,96,21.21624744333693
95,97,17.874572709074958
95,98,22.753475410390518
95,99,22.671078253752004
95,100,24.257037690632465
96,75,73.91780236304929
96,76,43.298692442114515
96,77,63.857603460781824
96,78,58.0046860479297
96,79,27.00907883778985
96,80,58.59904611483518
96,81,63.857603460781824
96,82,71.10245975874594
96,83,60.46133498238996
96,84,36.17540574863741
96,85,61.110007317982365
96,86,62.45215122189918
96,87,56.29502017633824
96,88,54.17303045725812
96,89,36.39538670377907
96,90,45.65624266214306
96,91,41.18264042544637
96,92,35.115994325934814
96,93,31.293963022880114
96,94,26.094862527106063
96,95,22.34764815531727
96,96,22.111348032576398
96,97,21.21624744333693
96,98,16.49887089073326
96,99,21.074385776790226
96,100,22.111348032576398
97,75,63.14668280576031
97,76,61.110007317982365
97,77,37.072488876431805
97,78,61.110007317982365
97,79,63.14668280576031
97,80,66.09481251234828
97,81,61.110007317982365
97,82,40.06783469203325
97,83,63.857603460781824
97,84,60.46133498238996
97,85,61.110007317982365
97,86,66.87755726643755
97,87,58.0046860479297
97,88,58.59904611483518
97,89,63.14668280576031
97,90,55.74833833173717
97,91,54.68767090460642
97,92,27.128103549642756
97,93,49.115369772992025
97,94,37.304099438856944
97,95,38.509219803135394
97,96,30.356442316958073
97,97,37.538763799695516
97,98,28.381803003017357
97,99,20.526266762583695
97,100,21.880224975852762
98,75,42.36450351231416
98,76,63.857603460781824
98,77,63.857603460781824
98,78,71.10245975874594
98,79,87.99448732247524
98,80,63.14668280576031
98,81,41.764811438377116
98,82,63.14668280576031
98,83,70.21323205227537
98,84,38.01750258365549
98,85,47.51235862254096
98,86,72.95372141313577
98,87,63.857603460781824
98,88,56.29502017633824
98,89,39.014458982221015
98,90,67.67998716836462
98,91,58.59904611483518
98,92,37.072488876431805
98,93,50.39416379798683
98,94,47.90275180756249
98,95,45.65624266214306
98,96,52.21204288211959
98,97,37.072488876431805
98,98,47.128575013374245
98,99,43.619766270621305
98,100,33.36409043114094
99,75,82.71427818476319
99,76,76.97740016964265
99,77,68.50286619177638
99,78,26.658480569652184
99,79,81.49616759898501
99,80,87.99448732247524
99,81,85.2688050843232
99,82,79.16926896338916
99,83,78.05721237354311
99,84,78.05721237354311
99,85,70.21323205227537
99,86,42.982532537229744
99,87,73.91780236304929
99,88,70.21323205227537
99,89,78.05721237354311
99,90,46.38016657953644
99,91,82.71427818476319
99,92,66.09481251234828
99,93,78.05721237354311
99,94,49.534014755555205
99,95,63.14668280576031
99,96,63.857603460781824
99,97,81.49616759898501
99,98,39.272327580647335
99,99,41.18264042544637
99,100,52.21204288211959
100,75,94.03437816878682
100,76,86.60917787783498
100,77,42.982532537229744
100,78,79.16926896338916
100,79,78.05721237354311
100,80,73.91780236304929
100,81,66.87755726643755
100,82,86.60917787783498
100,83,43.619766270621305
100,84,74.90897946750623
100,85,82.71427818476319
100,86,78.05721237354311
100,87,78.05721237354311
100,88,72.01562444532655
100,89,47.90275180756249
100,90,95.6829556336824
100,91,35.958193314181976
100,92,71.10245975874594
100,93,73.91780236304929
100,94,82.71427818476319
100,95,94.03437816878682
100,96,73.91780236304929
100,97,73.91780236304929
100,98,73.91780236304929
100,99,70.21323205227537
100,100,69.34699867826971
70,75,87.99448732247524
70,76,81.49616759898501
70,77,47.51235862254096
70,78,79.16926896338916
70,79,78.05721237354311
70,80,82.71427818476319
70,81,78.05721237354311
70,82,94.03437816878682
70,83,81.49616759898501
70,84,45.65624266214306
70,85,89.4270686465234
70,86,94.03437816878682
70,87,82.71427818476319
70,88,73.91780236304929
70,89,72.01562444532655
70,90,39.272327580647335
70,91,79.16926896338916
70,92,86.60917787783498
70,93,94.03437816878682
70,94,82.71427818476319
70,95,82.71427818476319
70,96,72.95372141313577
70,97,47.90275180756249
70,98,99.16900370030181
70,99,82.71427818476319
70,100,73.91780236304929
71,75,94.03437816878682
71,76,101.0139503802696
71,77,80.31505953051612
71,78,87.99448732247524
71,79,92.44423286123617
71,80,82.71427818476319
71,81,101.0139503802696
71,82,66.87755726643755
71,83,116.26906841348874
71,84,90.90942306376063
71,85,87.99448732247524
71,86,82.71427818476319
71,87,87.99448732247524
71,88,78.05721237354311
71,89,78.05721237354311
71,90,109.17557434345778
71,91,87.99448732247524
71,92,109.17557434345778
71,93,87.99448732247524
71,94,81.49616759898501
71,95,86.60917787783498
71,96,51.744795304517986
71,97,102.93233680435569
71,98,101.0139503802696
71,99,102.93233680435569
71,100,81.49616759898501
72,75,87.99448732247524
72,76,87.99448732247524
72,77,87.99448732247524
72,78,87.99448732247524
72,79,82.71427818476319
72,80,86.60917787783498
72,81,92.44423286123617
72,82,94.03437816878682
72,83,85.2688050843232
72,84,87.99448732247524
72,85,47.90275180756249
72,86,51.744795304517986
72,87,82.71427818476319
72,88,82.71427818476319
72,89,82.71427818476319
72,90,86.60917787783498
72,91,87.99448732247524
72,92,87.99448732247524
72,93,86.60917787783498
72,94,86.60917787783498
72,95,86.60917787783498
72,96,90.90942306376063
72,97,87.99448732247524
72,98,86.60917787783498
72,99,86.60917787783498
72,100,87.99448732247524
73,75,94.03437816878682
73,76,86.60917787783498
73,77,86.60917787783498
73,78,86.60917787783498
73,79,87.99448732247524
73,80,87.99448732247524
73,81,87.99448732247524
73,82,87.99448732247524
73,83,94.03437816878682
73,84,87.99448732247524
73,85,87.99448732247524
73,86,86.60917787783498
73,87,86.60917787783498
73,88,87.99448732247524
73,89,101.0139503802696
73,90,87.99448732247524
73,91,85.2688050843232
73,92,87.99448732247524
73,93,86.60917787783498
73,94,87.99448732247524
73,95,86.60917787783498
73,96,87.99448732247524
73,97,87.99448732247524
73,98,87.99448732247524
73,99,94.03437816878682
73,100,86.60917787783498
74,75,50.83609438325171
74,76,97.39329925839745
74,77,82.71427818476319
74,78,81.49616759898501
74,79,72.01562444532655
74,80,76.97740016964265
74,81,40.06783469203325
74,82,82.71427818476319
74,83,102.93233680435569
74,84,82.71427818476319
74,85,94.03437816878682
74,86,82.71427818476319
74,87,79.16926896338916
74,88,80.31505953051612
74,89,78.05721237354311
74,90,82.71427818476319
74,91,94.03437816878682
74,92,87.99448732247524
74,93,48.7040728967859
74,94,92.44423286123617
74,95,82.71427818476319
74,96,87.99448732247524
74,97,82.71427818476319
74,98,82.71427818476319
74,99,79.16926896338916
74,100,76.97740016964265
75,75,50.83609438325171
75,76,78.05721237354311
75,77,87.99448732247524
75,78,82.71427818476319
75,79,76.97740016964265
75,80,46.75123205701334
75,81,79.16926896338916
75,82,130.52390979996224
75,83,87.99448732247524
75,84,81.49616759898501
75,85,73.91780236304929
75,86,81.49616759898501
75,87,47.90275180756249
75,88,92.44423286123617
75,89,78.05721237354311
75,90,78.05721237354311
75,91,78.05721237354311
75,92,72.01562444532655
75,93,72.95372141313577
75,94,73.91780236304929
75,95,47.51235862254096
75,96,86.60917787783498
75,97,78.05721237354311
75,98,85.2688050843232
75,99,78.05721237354311
75,100,78.05721237354311
76,75,87.99448732247524
76,76,78.05721237354311
76,77,72.01562444532655
76,78,76.97740016964265
76,79,95.6829556336824
76,80,82.71427818476319
76,81,70.21323205227537
76,82,87.99448732247524
76,83,82.71427818476319
76,84,78.05721237354311
76,85,72.01562444532655
76,86,45.30308448883065
76,87,52.68822225038913
76,88,34.31410574065504
76,89,46.015220912590124
76,90,71.10245975874594
76,91,78.05721237354311
76,92,87.99448732247524
76,93,72.95372141313577
76,94,69.34699867826971
76,95,87.99448732247524
76,96,81.49616759898501
76,97,72.01562444532655
76,98,73.91780236304929
76,99,79.16926896338916
76,100,95.6829556336824
77,75,94.03437816878682
77,76,92.44423286123617
77,77,87.99448732247524
77,78,70.21323205227537
77,79,42.06241751858184
77,80,85.2688050843232
77,81,44.955603899217216
77,82,94.03437816878682
77,83,50.83609438325171
77,84,78.05721237354311
77,85,86.60917787783498
77,86,95.6829556336824
77,87,87.99448732247524
77,88,73.91780236304929
77,89,72.95372141313577
77,90,73.91780236304929
77,91,78.05721237354311
77,92,75.92842980140074
77,93,42.36450351231416
77,94,31.133514002922684
77,95,73.91780236304929
77,96,79.16926896338916
77,97,82.71427818476319
77,98,87.99448732247524
77,99,87.99448732247524
77,100,38.26170562066839
78,75,87.99448732247524
78,76,82.71427818476319
78,77,73.91780236304929
78,78,76.97740016964265
78,79,109.17557434345778
78,80,56.853060545840606
78,81,82.71427818476319
78,82,78.05721237354311
78,83,78.05721237354311
78,84,94.03437816878682
78,85,75.92842980140074
78,86,78.05721237354311
78,87,73.91780236304929
78,88,85.2688050843232
78,89,76.97740016964265
78,90,95.6829556336824
78,91,78.05721237354311
78,92,83.97118609925452
78,93,29.055410979885373
78,94,81.49616759898501
78,95,82.71427818476319
78,96,78.05721237354311
78,97,78.05721237354311
78,98,86.60917787783498
78,99,76.97740016964265
78,100,49.960209654895436
79,75,82.71427818476319
79,76,61.110007317982365
79,77,94.03437816878682
79,78,76.97740016964265
79,79,82.71427818476319
79,80,78.05721237354311
79,81,70.21323205227537
79,82,73.91780236304929
79,83,78.05721237354311
79,84,47.90275180756249
79,85,89.4270686465234
79,86,82.71427818476319
79,87,67.67998716836462
79,88,82.71427818476319
79,89,73.91780236304929
79,90,86.60917787783498
79,91,78.05721237354311
79,92,80.31505953051612
79,93,86.60917787783498
79,94,133.82801305017574
79,95,94.03437816878682
79,96,82.71427818476319
79,97,82.71427818476319
79,98,86.60917787783498
79,99,94.03437816878682
79,100,87.99448732247524
80,75,47.128575013374245
80,76,89.4270686465234
80,77,82.71427818476319
80,78,87.99448732247524
80,79,87.99448732247524
80,80,94.03437816878682
80,81,29.33433978398102
80,82,87.99448732247524
80,83,52.68822225038913
80,84,83.97118609925452
80,85,101.0139503802696
80,86,95.6829556336824
80,87,95.6829556336824
80,88,82.71427818476319
80,89,81.49616759898501
80,90,81.49616759898501
80,91,85.2688050843232
80,92,82.71427818476319
80,93,79.16926896338916
80,94,76.97740016964265
80,95,81.49616759898501
80,96,78.05721237354311
80,97,86.60917787783498
80,98,94.03437816878682
80,99,92.44423286123617
80,100,57.422822790425066
81,75,186.65445283339088
81,76,94.03437816878682
81,77,73.91780236304929
81,78,82.71427818476319
81,79,94.03437816878682
81,80,92.44423286123617
81,81,78.05721237354311
81,82,82.71427818476319
81,83,75.92842980140074
81,84,78.05721237354311
81,85,79.16926896338916
81,86,82.71427818476319
81,87,82.71427818476319
81,88,82.71427818476319
81,89,76.97740016964265
81,90,86.60917787783498
81,91,86.60917787783498
81,92,86.60917787783498
81,93,42.36450351231416
81,94,86.60917787783498
81,95,99.16900370030181
81,96,94.03437816878682
81,97,82.71427818476319
81,98,82.71427818476319
81,99,76.97740016964265
81,100,48.7040728967859
82,75,82.71427818476319
82,76,92.44423286123617
82,77,118.85376566828423
82,78,73.91780236304929
82,79,76.97740016964265
82,80,78.05721237354311
82,81,76.97740016964265
82,82,76.97740016964265
82,83,81.49616759898501
82,84,44.955603899217216
82,85,52.68822225038913
82,86,47.51235862254096
82,87,87.99448732247524
82,88,94.03437816878682
82,89,94.03437816878682
82,90,94.03437816878682
82,91,85.2688050843232
82,92,44.955603899217216
82,93,76.97740016964265
82,94,82.71427818476319
82,95,58.59904611483518
82,96,50.39416379798683
82,97,38.26170562066839
82,98,31.953482383503516
82,99,30.66234434592651
82,100,28.381803003017357
83,75,49.115369772992025
83,76,79.16926896338916
83,77,81.49616759898501
83,78,82.71427818476319
83,79,54.68767090460642
83,80,31.620119062893835
83,81,78.05721237354311
83,82,87.99448732247524
83,83,72.95372141313577
83,84,82.71427818476319
83,85,78.05721237354311
83,86,76.97740016964265
83,87,82.71427818476319
83,88,87.99448732247524
83,89,85.2688050843232
83,90,44.955603899217216
83,91,149.01124371723404
83,92,56.29502017633824
83,93,43.94587128705875
83,94,39.53379466901948
83,95,36.39538670377907
83,96,30.66234434592651
83,97,27.993109341865374
83,98,19.944243224026664
83,99,25.45060189643108
83,100,24.838802581334587
84,75,73.91780236304929
84,76,87.99448732247524
84,77,47.128575013374245
84,78,79.16926896338916
84,79,73.91780236304929
84,80,73.91780236304929
84,81,73.91780236304929
84,82,76.97740016964265
84,83,94.03437816878682
84,84,72.95372141313577
84,85,42.36450351231416
84,86,49.960209654895436
84,87,78.05721237354311
84,88,56.29502017633824
84,89,41.47158487355608
84,90,34.11959004815568
84,91,20.59314326264306
84,92,28.381803003017357
84,93,27.491869168561973
84,94,26.543723661158012
84,95,25.243187057822702
84,96,24.44776185984738
84,97,24.54430787539229
84,98,24.35200842039592
84,99,24.54430787539229
84,100,20.393869892641195
85,75,73.91780236304929
85,76,73.91780236304929
85,77,63.857603460781824
85,78,63.857603460781824
85,79,42.36450351231416
85,80,49.960209654895436
85,81,81.49616759898501
85,82,78.05721237354311
85,83,78.05721237354311
85,84,45.65624266214306
85,85,52.21204288211959
85,86,37.538763799695516
85,87,31.293963022880114
85,88,29.475920304534377
85,89,27.491869168561973
85,90,25.66162132394201
85,91,24.938620975861525
85,92,24.54430787539229
85,93,24.54430787539229
85,94,24.44776185984738
85,95,24.069405712587606
85,96,24.162839968443617
85,97,24.162839968443617
85,98,24.069405712587606
85,99,19.63558400730515
85,100,21.004197704934775
86,75,82.71427818476319
86,76,67.67998716836462
86,77,65.33102678881399
86,78,82.71427818476319
86,79,72.01562444532655
86,80,46.38016657953644
86,81,79.16926896338916
86,82,66.09481251234828
86,83,66.87755726643755
86,84,63.857603460781824
86,85,47.51235862254096
86,86,28.25098712388462
86,87,26.094862527106063
86,88,21.880224975852762
86,89,24.938620975861525
86,90,24.54430787539229
86,91,24.54430787539229
86,92,24.54430787539229
86,93,24.069405712587606
86,94,24.162839968443617
86,95,24.069405712587606
86,96,18.54857633787609
86,97,24.162839968443617
86,98,19.336770079215114
86,99,24.069405712587606
86,100,23.79359067421428
87,75,73.91780236304929
87,76,82.71427818476319
87,77,69.34699867826971
87,78,78.05721237354311
87,79,73.91780236304929
87,80,68.50286619177638
87,81,78.05721237354311
87,82,82.71427818476319
87,83,70.21323205227537
87,84,63.857603460781824
87,85,43.94587128705875
87,86,25.243187057822702
87,87,24.44776185984738
87,88,22.34764815531727
87,89,23.3483220256704
87,90,24.54430787539229
87,91,24.069405712587606
87,92,19.514904037774215
87,93,24.739817942985045
87,94,23.79359067421428
87,95,23.79359067421428
87,96,23.435973794346612
87,97,23.00447766356284
87,98,22.111348032576398
87,99,21.50606403455799
87,100,18.33557948899977
88,75,73.91780236304929
88,76,66.87755726643755
88,77,82.71427818476319
88,78,69.34699867826971
88,79,78.05721237354311
88,80,69.34699867826971
88,81,41.18264042544637
88,82,94.03437816878682
88,83,73.91780236304929
88,84,41.764811438377116
88,85,33.54966102210221
88,86,24.938620975861525
88,87,24.938620975861525
88,88,24.069405712587606
88,89,24.162839968443617
88,90,24.162839968443617
88,91,24.44776185984738
88,92,23.79359067421428
88,93,23.79359067421428
88,94,19.278146794963316
88,95,22.34764815531727
88,96,21.004197704934775
88,97,21.004197704934775
88,98,21.50606403455799
88,99,22.033740376148895
88,100,17.48469514066499
89,75,42.36450351231416
89,76,79.16926896338916
89,77,73.91780236304929
89,78,87.99448732247524
89,79,78.05721237354311
89,80,109.17557434345778
89,81,82.71427818476319
89,82,69.34699867826971
89,83,78.05721237354311
89,84,58.59904611483518
89,85,29.475920304534377
89,86,24.838802581334587
89,87,24.162839968443617
89,88,19.88170011635914
89,89,24.069405712587606
89,90,23.79359067421428
89,91,23.79359067421428
89,92,18.441433392257018
89,93,24.069405712587606
89,94,24.54430787539229
89,95,26.543723661158012
89,96,28.918020106520146
89,97,31.293963022880114
89,98,27.248232997575045
89,99,34.11959004815568
89,100,27.491869168561973
90,75,66.87755726643755
90,76,87.99448732247524
90,77,79.16926896338916
90,78,78.05721237354311
90,79,69.34699867826971
90,80,76.97740016964265
90,81,78.05721237354311
90,82,42.36450351231416
90,83,79.16926896338916
90,84,60.46133498238996
90,85,32.64282373679562
90,86,17.02169059950717
90,87,24.162839968443617
90,88,23.613363332507053
90,89,23.79359067421428
90,90,23.79359067421428
90,91,23.79359067421428
90,92,23.79359067421428
90,93,24.54430787539229
90,94,24.162839968443617
90,95,21.360125537388132
90,96,27.00907883778985
90,97,28.513894992776304
90,98,31.953482383503516
90,99,35.531864487274916
90,100,27.86601116599009
91,75,87.99448732247524
91,76,81.49616759898501
91,77,87.99448732247524
91,78,72.95372141313577
91,79,34.51096037271151
91,80,82.71427818476319
91,81,66.87755726643755
91,82,82.71427818476319
91,83,70.21323205227537
91,84,71.10245975874594
91,85,30.056867729113673
91,86,24.54430787539229
91,87,23.70311797370012
91,88,23.79359067421428
91,89,24.257037690632465
91,90,23.79359067421428
91,91,23.79359067421428
91,92,23.79359067421428
91,93,23.79359067421428
91,94,20.59314326264306
91,95,24.162839968443617
91,96,24.54430787539229
91,97,24.838802581334587
91,98,20.07057504093994
91,99,26.77428231844547
91,100,27.86601116599009
92,75,79.16926896338916
92,76,66.87755726643755
92,77,78.05721237354311
92,78,68.50286619177638
92,79,50.83609438325171
92,80,70.21323205227537
92,81,70.21323205227537
92,82,78.05721237354311
92,83,75.92842980140074
92,84,42.06241751858184
92,85,38.26170562066839
92,86,21.880224975852762
92,87,21.287931718318504
92,88,21.804304679528286
92,89,22.26829535552599
92,90,23.00447766356284
92,91,16.37337734870606
92,92,24.069405712587606
92,93,23.79359067421428
92,94,23.79359067421428
92,95,23.79359067421428
92,96,23.79359067421428
92,97,23.3483220256704
92,98,19.514904037774215
92,99,24.44776185984738
92,100,24.162839968443617
93,75,78.05721237354311
93,76,73.91780236304929
93,77,69.34699867826971
93,78,70.21323205227537
93,79,78.05721237354311
93,80,73.91780236304929
93,81,73.91780236304929
93,82,44.955603899217216
93,83,34.51096037271151
93,84,69.34699867826971
93,85,50.39416379798683
93,86,27.491869168561973
93,87,19.278146794963316
93,88,21.004197704934775
93,89,20.459843862185632
93,90,18.127645498811447
93,91,21.579820030321667
93,92,22.920167687406057
93,93,23.089440298056683
93,94,23.3483220256704
93,95,19.162010511186114
93,96,23.79359067421428
93,97,23.70311797370012
93,98,24.162839968443617
93,99,24.162839968443617
93,100,24.641656501236476
94,75,55.74833833173717
94,76,30.2058766134903
94,77,56.29502017633824
94,78,50.39416379798683
94,79,64.58550950905227
94,80,61.110007317982365
94,81,52.21204288211959
94,82,56.29502017633824
94,83,42.06241751858184
94,84,58.59904611483518
94,85,34.91185993607099
94,86,45.65624266214306
94,87,39.272327580647335
94,88,27.491869168561973
94,89,27.369482873089083
94,90,21.50606403455799
94,91,20.865280951218594
94,92,20.728276065434503
94,93,21.145067255677876
94,94,21.50606403455799
94,95,15.622770816174105
94,96,23.3483220256704
94,97,23.70311797370012
94,98,23.79359067421428
94,99,23.79359067421428
94,100,23.79359067421428
95,75,38.01750258365549
95,76,70.21323205227537
95,77,56.29502017633824
95,78,54.17303045725812
95,79,63.857603460781824
95,80,63.14668280576031
95,81,56.29502017633824
95,82,58.59904611483518
95,83,63.857603460781824
95,84,61.110007317982365
95,85,61.110007317982365
95,86,56.29502017633824
95,87,50.83609438325171
95,88,32.820060943757476
95,89,41.47158487355608
95,90,29.055410979885373
95,91,31.293963022880114
95,92,21.145067255677876
95,93,21.804304679528286
95,94,16.75600787673553
95,95,19.75783886205582
95,96,21.50606403455799
95,97,22.111348032576398
95,98,23.089440298056683
95,99,19.75783886205582
95,100,23.435973794346612
96,75,64.58550950905227
96,76,56.29502017633824
96,77,54.68767090460642
96,78,48.29992949725978
96,79,60.46133498238996
96,80,32.467580868546754
96,81,66.87755726643755
96,82,65.33102678881399
96,83,54.17303045725812
96,84,56.29502017633824
96,85,56.29502017633824
96,86,61.110007317982365
96,87,54.17303045725812
96,88,50.39416379798683
96,89,50.39416379798683
96,90,43.94587128705875
96,91,41.47158487355608
96,92,39.53379466901948
96,93,32.467580868546754
96,94,25.66162132394201
96,95,17.9749082847011
96,96,21.804304679528286
96,97,20.934497813811888
96,98,21.287931718318504
96,99,21.21624744333693
96,100,17.389992799931477
97,75,72.95372141313577
97,76,73.91780236304929
97,77,73.91780236304929
97,78,51.28622685581782
97,79,87.99448732247524
97,80,87.99448732247524
97,81,85.2688050843232
97,82,86.60917787783498
97,83,78.05721237354311
97,84,73.91780236304929
97,85,73.91780236304929
97,86,78.05721237354311
97,87,70.21323205227537
97,88,86.60917787783498
97,89,70.21323205227537
97,90,61.110007317982365
97,91,40.06783469203325
97,92,66.87755726643755
97,93,29.194177180102084
97,94,39.53379466901948
97,95,38.26170562066839
97,96,29.194177180102084
97,97,38.509219803135394
97,98,28.918020106520146
97,99,29.055410979885373
97,100,21.579820030321667
98,75,99.16900370030181
98,76,73.91780236304929
98,77,73.91780236304929
98,78,73.91780236304929
98,79,73.91780236304929
98,80,73.91780236304929
98,81,76.97740016964265
98,82,76.97740016964265
98,83,44.955603899217216
98,84,70.21323205227537
98,85,39.79893728348299
98,86,73.91780236304929
98,87,73.91780236304929
98,88,47.90275180756249
98,89,82.71427818476319
98,90,73.91780236304929
98,91,78.05721237354311
98,92,66.09481251234828
98,93,64.58550950905227
98,94,56.853060545840606
98,95,66.87755726643755
98,96,54.17303045725812
98,97,58.59904611483518
98,98,36.17540574863741
98,99,48.7040728967859
98,100,35.74369668549434
99,75,75.92842980140074
99,76,86.60917787783498
99,77,94.03437816878682
99,78,71.10245975874594
99,79,34.51096037271151
99,80,73.91780236304929
99,81,73.91780236304929
99,82,87.99448732247524
99,83,82.71427818476319
99,84,76.97740016964265
99,85,42.36450351231416
99,86,70.21323205227537
99,87,82.71427818476319
99,88,78.05721237354311
99,89,69.34699867826971
99,90,82.71427818476319
99,91,82.71427818476319
99,92,66.09481251234828
99,93,46.38016657953644
99,94,70.21323205227537
99,95,66.87755726643755
99,96,66.09481251234828
99,97,40.06783469203325
99,98,63.857603460781824
99,99,36.17540574863741
99,100,61.110007317982365
100,75,72.01562444532655
100,76,50.83609438325171
100,77,78.05721237354311
100,78,70.21323205227537
100,79,73.91780236304929
100,80,82.71427818476319
100,81,75.92842980140074
100,82,44.955603899217216
100,83,72.95372141313577
100,84,73.91780236304929
100,85,70.21323205227537
100,86,66.87755726643755
100,87,82.71427818476319
100,88,76.97740016964265
100,89,71.10245975874594
100,90,87.99448732247524
100,91,34.31410574065504
100,92,72.95372141313577
100,93,79.16926896338916
100,94,40.61722261701496
100,95,79.16926896338916
100,96,89.4270686465234
100,97,78.05721237354311
100,98,78.05721237354311
100,99,73.91780236304929
100,100,82.71427818476319
